Game Number;Winnings
0;-1
1;2
2;-3
3;10
4;1
5;-88
6;-156
7;-4
8;0
9;16
10;-7
11;34
12;-82
13;0
14;13
15;-5
16;37
17;-4
18;-95
19;4
20;6
21;-9
22;30
23;19
24;-58
25;-11
26;-183
27;11
28;-67
29;4
30;-1
31;-2
32;16
33;13
34;18
35;17
36;-115
37;-92
38;9
39;7
40;10
41;2
42;14
43;1
44;-103
45;12
46;-347
47;-2
48;-88
49;-10
50;1
51;0
52;2
53;-16
54;-7
55;14
56;0
57;0
58;-1
59;-111
60;24
61;-7
62;-206
63;80
64;4
65;-4
66;11
67;14
68;-8
69;2
70;8
71;55
72;2
73;0
74;-2
75;-2
76;21
77;22
78;4
79;-86
80;39
81;-81
82;-34
83;-1
84;-147
85;2
86;11
87;4
88;0
89;-14
90;8
91;-119
92;23
93;-2
94;0
95;-2
96;-3
97;-3
98;13
99;41
100;51
101;-30
102;1
103;0
104;15
105;12
106;0
107;0
108;-14
109;1
110;-1
111;0
112;15
113;13
114;-5
115;0
116;24
117;20
118;-2
119;6
120;-100
121;22
122;-11
123;0
124;-4
125;-103
126;-2
127;9
128;20
129;-13
130;-48
131;4
132;0
133;22
134;-90
135;-2
136;-2
137;-2
138;43
139;2
140;87
141;-215
142;28
143;-325
144;9
145;-72
146;11
147;-7
148;0
149;0
150;26
151;38
152;9
153;-2
154;8
155;0
156;0
157;-5
158;-205
159;0
160;-3
161;9
162;-9
163;0
164;-2
165;0
166;13
167;-103
168;-2
169;0
170;39
171;-73
172;101
173;0
174;0
175;10
176;-87
177;-94
178;4
179;0
180;-3
181;-1
182;-8
183;-79
184;0
185;-8
186;-70
187;14
188;-1
189;0
190;-5
191;-4
192;-1
193;-19
194;9
195;-8
196;-85
197;15
198;-115
199;-119
200;-2
201;3
202;13
203;-9
204;-19
205;-5
206;-5
207;5
208;4
209;0
210;-108
211;12
212;-110
213;46
214;2
215;0
216;22
217;1
218;-3
219;20
220;7
221;-165
222;-5
223;2
224;0
225;-3
226;-6
227;-19
228;-16
229;37
230;11
231;2
232;-4
233;2
234;-30
235;4
236;21
237;-47
238;-7
239;7
240;-79
241;-8
242;-234
243;-30
244;38
245;16
246;-86
247;0
248;-76
249;18
250;4
251;-65
252;-74
253;0
254;14
255;0
256;-4
257;0
258;-28
259;-17
260;12
261;-85
262;28
263;-93
264;-24
265;1
266;15
267;40
268;12
269;8
270;-11
271;12
272;11
273;19
274;0
275;-96
276;58
277;2
278;-7
279;9
280;1
281;-81
282;-100
283;-18
284;-108
285;14
286;1
287;26
288;0
289;6
290;0
291;0
292;10
293;-30
294;-3
295;23
296;0
297;-11
298;10
299;-5
300;-2
301;-6
302;16
303;2
304;-10
305;11
306;3
307;0
308;1
309;11
310;-82
311;-6
312;9
313;21
314;-5
315;26
316;-5
317;-114
318;-80
319;-1
320;13
321;7
322;9
323;-4
324;22
325;5
326;1
327;11
328;9
329;-77
330;4
331;-96
332;30
333;5
334;48
335;2
336;6
337;8
338;-16
339;2
340;-31
341;0
342;44
343;15
344;4
345;69
346;-8
347;-175
348;0
349;9
350;67
351;20
352;0
353;-88
354;-4
355;-11
356;-5
357;-62
358;9
359;-10
360;17
361;-93
362;4
363;31
364;0
365;17
366;4
367;-8
368;31
369;19
370;9
371;6
372;10
373;-6
374;11
375;0
376;29
377;-106
378;5
379;0
380;0
381;-13
382;-10
383;0
384;-11
385;5
386;-1
387;-2
388;-100
389;-7
390;13
391;-2
392;-1
393;-9
394;17
395;0
396;-3
397;-4
398;15
399;-74
400;73
401;1
402;0
403;55
404;-388
405;4
406;9
407;2
408;2
409;1
410;-5
411;-89
412;0
413;2
414;0
415;-68
416;-3
417;-5
418;17
419;0
420;8
421;-2
422;10
423;44
424;-131
425;30
426;-3
427;8
428;-1
429;5
430;-109
431;-6
432;-70
433;-13
434;2
435;-3
436;-6
437;-5
438;5
439;-1
440;-92
441;-2
442;-3
443;28
444;31
445;17
446;6
447;31
448;0
449;1
450;-70
451;0
452;4
453;-5
454;-1
455;3
456;-101
457;15
458;-3
459;-107
460;2
461;0
462;-10
463;0
464;6
465;-9
466;0
467;-90
468;-5
469;10
470;0
471;15
472;-7
473;-3
474;12
475;-1
476;-8
477;4
478;14
479;23
480;4
481;-18
482;-98
483;13
484;6
485;0
486;-3
487;-6
488;-8
489;-104
490;-29
491;18
492;-45
493;-1
494;-77
495;-4
496;1
497;-13
498;0
499;16
500;23
501;0
502;1
503;-24
504;-8
505;-18
506;0
507;-20
508;-5
509;-37
510;0
511;-12
512;-166
513;0
514;1
515;0
516;-7
517;-1
518;0
519;-67
520;-105
521;-5
522;-16
523;6
524;-4
525;19
526;-27
527;1
528;-9999990
529;0
530;14
531;0
532;-2
533;9
534;-197
535;10
536;-8
537;-11
538;9
539;16
540;-62
541;-5
542;-102
543;-108
544;12
545;21.051
546;5
547;-5
548;8
549;12
550;PEG LEGGGGGG!!!!!
551;0
552;0
553;0
554;-74
555;-2
556;0
557;0
558;-67
559;14
560;15
561;-52
562;-3
563;-203
564;0
565;6
566;17
567;0
568;0
569;14
570;-9
571;35
572;-9
573;-1
574;6
575;2
576;11
577;0
578;-52
579;-14
580;17
581;13
582;-2
583;-3
584;-15
585;19
586;0
587;1
588;0
589;-170
590;-98
591;19
592;0
593;18
594;3
595;0
596;-3
597;-13
598;-4
599;43
600;7
601;2
602;6
603;11111111111
604;11
605;-83
606;-5
607;-114
608;0
609;19
610;-1
611;7
612;1
613;31
614;0
615;-100
616;-103
617;-2
618;0
619;38
620;-91.949
621;-7
622;-13
623;-103
624;45
625;PEG LEGGGGGG!!!!!
626;7
627;32
628;-2
629;0
630;0
631;-7
632;-4
633;2
634;-20
635;-5
636;-89
637;21
638;-8
639;50
640;-76
641;-66
642;17
643;-202
644;-4
645;-4
646;-6
647;11
648;-197
649;12
650;8
651;-117
652;-2
653;0
654;10
655;-210
656;55
657;22
658;2
659;0
660;15
661;-9
662;-27
663;-102
664;1
665;-13
666;-194
667;-4
668;-2
669;-7
670;14
671;-1
672;17
673;40
674;19
675;4
676;-8
677;1
678;-2222222222222
679;-2
680;37
681;16
682;-5
683;-1
684;-12
685;0
686;-302
687;-3
688;2
689;-6
690;2
691;-252
692;-74
693;-191
694;4
695;0.051
696;-12
697;-107
698;-83
699;-96
700;PEG LEGGGGGG!!!!!
701;2
702;0
703;-3
704;0
705;-1
706;10
707;-102
708;-10
709;-182
710;-3
711;-1
712;-5
713;-3
714;13
715;-180
716;0
717;4
718;-27
719;11
720;0
721;-5
722;-5
723;-186
724;-100
725;-102
726;1
727;-5
728;-1
729;3
730;14
731;3
732;-32
733;4
734;30
735;5
736;-2
737;24
738;-310
739;7
740;21
741;-125
742;-110
743;19
744;-5
745;-86
746;-2
747;19
748;-12
749;0
750;20
751;-109
752;2
753;-2222222222222
754;21
755;1
756;-3
757;24
758;26
759;14
760;-117
761;-3
762;41
763;2
764;2
765;0
766;-1
767;10
768;-11
769;7
770;-4.949
771;-79
772;-18
773;-81
774;-10
775;PEG LEGGGGGG!!!!!
776;0
777;7
778;22
779;4
780;2
781;20
782;18
783;-2
784;31
785;-3
786;-14
787;9
788;39
789;0
790;11
791;-5
792;0
793;24
794;18
795;-3
796;-84
797;-41
798;33
799;2
800;-4
801;-1
802;-7
803;20
804;-102
805;-5
806;-6
807;9
808;-248
809;0
810;24
811;11
812;17
813;0
814;0
815;-10
816;-6
817;-24
818;22
819;-3
820;0
821;-1
822;-93
823;0
824;-98
825;-8
826;18
827;-12
828;-2222222222222
829;28
830;4
831;14
832;-13
833;13
834;-116
835;-119
836;-80
837;-89
838;-175
839;38
840;-12
841;0
842;-18
843;3
844;-1
845;36.051
846;-13
847;11
848;0
849;0
850;PEG LEGGGGGG!!!!!
851;-5
852;2
853;13
854;-9
855;-5
856;30
857;-111
858;-79
859;0
860;6
861;0
862;1
863;-105
864;23
865;0
866;10
867;0
868;-3
869;11
870;-1
871;0
872;0
873;-85
874;29
875;6
876;6
877;11
878;13
879;0
880;-8
881;-81
882;-101
883;-123
884;-3
885;-52
886;-1
887;-8
888;-200
889;-38
890;0
891;100
892;-108
893;-15
894;-2
895;4
896;-99
897;0
898;0
899;-24
900;-215
901;37
902;2
903;-2222222222222
904;4
905;-6
906;6
907;2
908;0
909;25
910;1
911;0
912;-188
913;20
914;-5
915;18
916;-1
917;-88
918;3
919;0
920;13.051
921;-105
922;-79
923;-5
924;-5
925;PEG LEGGGGGG!!!!!
926;13
927;0
928;10
929;23
930;10
931;-1
932;9
933;-12
934;13
935;21
936;-64
937;-12
938;0
939;-113
940;5
941;55
942;0
943;-90
944;30
945;-4
946;-194
947;5
948;-113
949;0
950;-5
951;-201
952;0
953;82
954;21
955;-6
956;5
957;10
958;-93
959;11
960;51
961;-5
962;-2
963;0
964;0
965;9
966;-7
967;-3
968;-4
969;9
970;7
971;0
972;-13
973;0
974;58
975;-4
976;-107
977;29
978;-2222222222222
979;-100
980;0
981;0
982;-1
983;2
984;-6
985;-2
986;31
987;27
988;8
989;10
990;-196
991;-114
992;20
993;-111
994;11
995;-16.949
996;13
997;-3
998;2
999;-2
1000;PEG LEGGGGGG!!!!!
1001;-12
1002;5
1003;1
1004;-1
1005;-91
1006;1
1007;-7
1008;49
1009;9
1010;-8
1011;18
1012;16
1013;-112
1014;9
1015;6
1016;22
1017;-33
1018;-137
1019;-312
1020;-24
1021;17
1022;-69
1023;44
1024;16
1025;-8
1026;-11
1027;0
1028;8
1029;-3
1030;-110
1031;25
1032;0
1033;11
1034;-102
1035;6
1036;-11
1037;36
1038;-94
1039;-1
1040;8
1041;-195
1042;0
1043;-13
1044;-5
1045;-56
1046;13
1047;0
1048;24
1049;35
1050;0
1051;10
1052;-2
1053;-9999990
1054;4
1055;37
1056;-7
1057;-8
1058;11
1059;-13
1060;2
1061;-70
1062;55
1063;1
1064;68
1065;0
1066;-119
1067;-1
1068;14
1069;6
1070;-2.949
1071;-5
1072;15
1073;5
1074;6
1075;PEG LEGGGGGG!!!!!
1076;3
1077;-43
1078;-3
1079;-6
1080;12
1081;-110
1082;-7
1083;-3
1084;41
1085;7
1086;-100
1087;-5
1088;15
1089;-9
1090;21
1091;5
1092;6
1093;1
1094;-5
1095;-7
1096;-74
1097;-3
1098;-1
1099;-98
1100;0
1101;61
1102;-10
1103;-8
1104;-132
1105;-8
1106;-193
1107;-26
1108;0
1109;-3
1110;6
1111;-106
1112;11
1113;-13
1114;-103
1115;-4
1116;2
1117;0
1118;-3
1119;31
1120;47
1121;20
1122;2
1123;8
1124;25
1125;0
1126;0
1127;10
1128;-2222222222222
1129;2
1130;-85
1131;9
1132;0
1133;-108
1134;16
1135;0
1136;12
1137;-81
1138;7
1139;2
1140;-108
1141;-94
1142;14
1143;12
1144;26
1145;1.051
1146;-94
1147;1
1148;49
1149;4
1150;PEG LEGGGGGG!!!!!
1151;-3
1152;-14
1153;0
1154;31
1155;5
1156;-99
1157;24
1158;8
1159;-113
1160;29
1161;-19
1162;10
1163;-113
1164;0
1165;-5
1166;22
1167;-2
1168;-174
1169;-25
1170;19
1171;-2
1172;1
1173;-1
1174;17
1175;50
1176;14
1177;7
1178;-7
1179;1
1180;7
1181;0
1182;0
1183;5
1184;-67
1185;1
1186;-3
1187;-19
1188;11
1189;14
1190;0
1191;-10
1192;3
1193;0
1194;-73
1195;2
1196;-185
1197;44
1198;3
1199;-11
1200;0
1201;9
1202;-9
1203;-2222222222222
1204;-3
1205;-151
1206;8
1207;33
1208;-7
1209;-110
1210;19
1211;-2
1212;6
1213;27
1214;14
1215;1
1216;-4
1217;-12
1218;-5
1219;-104
1220;-333.949
1221;-11
1222;-1
1223;2
1224;-211
1225;PEG LEGGGGGG!!!!!
1226;10
1227;-8
1228;-2
1229;-2
1230;-1
1231;4
1232;56
1233;21
1234;-21
1235;-2
1236;2
1237;49
1238;-7
1239;-12
1240;22
1241;-335
1242;-4
1243;52
1244;-21
1245;-11
1246;-6
1247;-2
1248;0
1249;-1
1250;-14
1251;0
1252;-5
1253;-7
1254;13
1255;14
1256;11
1257;0
1258;-185
1259;9
1260;3
1261;0
1262;-101
1263;6
1264;14
1265;96
1266;53
1267;9
1268;-4
1269;-8
1270;-1
1271;12
1272;14
1273;-196
1274;-76
1275;38
1276;-20
1277;20
1278;-2222222222222
1279;-103
1280;-76
1281;37
1282;11
1283;14
1284;0
1285;10
1286;-6
1287;0
1288;0
1289;-2
1290;-5
1291;9
1292;-19
1293;-3
1294;11
1295;-108.949
1296;3
1297;-111
1298;0
1299;17
1300;PEG LEGGGGGG!!!!!
1301;-174
1302;-97
1303;-1
1304;40
1305;30
1306;30
1307;-1
1308;10
1309;3
1310;-7
1311;-11
1312;-200
1313;-3
1314;0
1315;0
1316;-3
1317;-81
1318;4
1319;33
1320;-90
1321;10
1322;-14
1323;3
1324;4
1325;0
1326;5
1327;-3
1328;0
1329;-5
1330;14
1331;9
1332;14
1333;-14
1334;21
1335;-96
1336;-97
1337;-16
1338;13
1339;0
1340;53
1341;-8
1342;2
1343;-11
1344;-1
1345;22
1346;18
1347;8
1348;-27
1349;0
1350;13
1351;-92
1352;-3
1353;-2222222222222
1354;29
1355;52
1356;0
1357;19
1358;4
1359;0
1360;-7
1361;-5
1362;1
1363;5
1364;19
1365;-1
1366;2
1367;-48
1368;-20
1369;-2
1370;-8.949
1371;-110
1372;52
1373;-15
1374;-10
1375;PEG LEGGGGGG!!!!!
1376;-103
1377;53
1378;-15
1379;1
1380;6
1381;-103
1382;67
1383;7
1384;5
1385;-15
1386;11
1387;4
1388;18
1389;0
1390;16
1391;25
1392;0
1393;34
1394;7
1395;41
1396;-267
1397;16
1398;-107
1399;-3
1400;10
1401;31
1402;-5
1403;-7
1404;-6
1405;13
1406;2
1407;-2
1408;-2
1409;28
1410;-2
1411;-113
1412;-6
1413;-4
1414;-89
1415;2
1416;10
1417;-7
1418;4
1419;-3
1420;11
1421;0
1422;4
1423;34
1424;2
1425;0
1426;0
1427;23
1428;-9999990
1429;-20
1430;13
1431;80
1432;-4
1433;0
1434;6
1435;29
1436;-67
1437;42
1438;0
1439;-2
1440;0
1441;-75
1442;-101
1443;0
1444;-3
1445;2.051
1446;-103
1447;-102
1448;5
1449;-5
1450;PEG LEGGGGGG!!!!!
1451;0
1452;-11
1453;-20
1454;-3
1455;0
1456;-84
1457;-3
1458;33
1459;-4
1460;0
1461;-1
1462;-1
1463;-69
1464;0
1465;0
1466;-9
1467;57
1468;32
1469;-183
1470;0
1471;-13
1472;53
1473;5
1474;-14
1475;-9
1476;12
1477;19
1478;-47
1479;-29
1480;11
1481;26
1482;8
1483;22
1484;8
1485;8
1486;18
1487;-11
1488;-1
1489;14
1490;18
1491;-102
1492;29
1493;0
1494;-5
1495;-13
1496;-7
1497;-7
1498;31
1499;-4
1500;2
1501;1
1502;7
1503;-9999990
1504;-100
1505;14
1506;0
1507;-111
1508;0
1509;2
1510;2
1511;-77
1512;-13
1513;-7
1514;18
1515;0
1516;-80
1517;-2
1518;76
1519;-5
1520;-42.949
1521;-107
1522;21
1523;-7
1524;-10
1525;PEG LEGGGGGG!!!!!
1526;-99
1527;14
1528;-10
1529;0
1530;43
1531;-7
1532;4
1533;-105
1534;-2
1535;6
1536;55
1537;3
1538;-21
1539;-75
1540;24
1541;0
1542;-69
1543;-5
1544;-14
1545;-12
1546;7
1547;-183
1548;-4
1549;0
1550;-100
1551;0
1552;0
1553;-3
1554;13
1555;16
1556;-4
1557;4
1558;47
1559;-100
1560;0
1561;97
1562;1
1563;-22
1564;6
1565;-6
1566;-3
1567;42
1568;11
1569;-2
1570;-84
1571;-101
1572;-16
1573;-6
1574;-1
1575;-1
1576;6
1577;-83
1578;-2222222222222
1579;43
1580;-3
1581;14
1582;-3
1583;13
1584;-1
1585;32
1586;-10
1587;-4
1588;7
1589;2
1590;-98
1591;12
1592;-3
1593;6
1594;13
1595;35.051
1596;9
1597;57
1598;0
1599;0
1600;PEG LEGGGGGG!!!!!
1601;1
1602;-152
1603;14
1604;-4
1605;0
1606;-7
1607;-72
1608;-3
1609;17
1610;37
1611;2
1612;-99
1613;-96
1614;-3
1615;20
1616;21
1617;-105
1618;-118
1619;2
1620;0
1621;-13
1622;-1
1623;-12
1624;-7
1625;-1
1626;12
1627;-9
1628;-101
1629;-1
1630;0
1631;8
1632;0
1633;0
1634;-28
1635;-10
1636;1
1637;-80
1638;-1
1639;-108
1640;3
1641;17
1642;3
1643;-9
1644;-3
1645;9
1646;-19
1647;5
1648;11
1649;-7
1650;18
1651;-93
1652;-100
1653;-2222222222222
1654;-6
1655;-3
1656;51
1657;22
1658;5
1659;-2
1660;2
1661;-92
1662;19
1663;28
1664;18
1665;66
1666;-9
1667;0
1668;7
1669;-15
1670;-106.949
1671;-6
1672;-1
1673;0
1674;-93
1675;PEG LEGGGGGG!!!!!
1676;-16
1677;-17
1678;-106
1679;-6
1680;-239
1681;1
1682;2
1683;-3
1684;59
1685;3
1686;-15
1687;-11
1688;-178
1689;-5
1690;-105
1691;3
1692;33
1693;2
1694;7
1695;-76
1696;-2
1697;-93
1698;1
1699;50
1700;-100
1701;-74
1702;11
1703;-122
1704;6
1705;-1
1706;10
1707;0
1708;-7
1709;-5
1710;-8
1711;-6
1712;-4
1713;0
1714;-6
1715;-72
1716;-99
1717;-38
1718;18
1719;-93
1720;0
1721;-8
1722;-25
1723;-115
1724;6
1725;18
1726;-110
1727;0
1728;-2222222222222
1729;-44
1730;41
1731;-5
1732;24
1733;4
1734;-157
1735;0
1736;-2
1737;-9
1738;18
1739;-16
1740;6
1741;-5
1742;0
1743;2
1744;6
1745;0.051
1746;2
1747;-318
1748;54
1749;-78
1750;PEG LEGGGGGG!!!!!
1751;6
1752;-33
1753;0
1754;-3
1755;0
1756;6
1757;10
1758;18
1759;-7
1760;-5
1761;-4
1762;5
1763;-20
1764;10
1765;-99
1766;-92
1767;8
1768;9
1769;9
1770;4
1771;-97
1772;-153
1773;6
1774;-105
1775;-102
1776;29
1777;-102
1778;2
1779;0
1780;-1
1781;29
1782;20
1783;-110
1784;-8
1785;45
1786;4
1787;-9
1788;-106
1789;5
1790;-13
1791;-93
1792;0
1793;21
1794;6
1795;28
1796;-1
1797;30
1798;26
1799;11
1800;-4
1801;-364
1802;-4
1803;-2222222222222
1804;0
1805;6
1806;-14
1807;18
1808;48
1809;0
1810;0
1811;-1
1812;7
1813;-116
1814;0
1815;0
1816;2
1817;9
1818;31
1819;-14
1820;1.051
1821;7
1822;1
1823;-18
1824;0
1825;PEG LEGGGGGG!!!!!
1826;-28
1827;0
1828;16
1829;2
1830;-3
1831;-3
1832;-1
1833;0
1834;-116
1835;-10
1836;23
1837;17
1838;4
1839;7
1840;-113
1841;10
1842;-91
1843;8
1844;0
1845;0
1846;40
1847;30
1848;22
1849;48
1850;0
1851;3
1852;-111
1853;-2
1854;29
1855;-3
1856;2
1857;1
1858;-6
1859;9
1860;-4
1861;-1
1862;-14
1863;-100
1864;0
1865;18
1866;-90
1867;2
1868;-11
1869;-2
1870;-85
1871;2
1872;0
1873;-5
1874;3
1875;11
1876;0
1877;12
1878;11111111111
1879;1
1880;13
1881;-4
1882;31
1883;-6
1884;50
1885;1
1886;10
1887;-116
1888;-5
1889;-147
1890;-35
1891;24
1892;0
1893;2
1894;6
1895;7.051
1896;-201
1897;-111
1898;-86
1899;2
1900;PEG LEGGGGGG!!!!!
1901;-12
1902;-143
1903;-179
1904;-112
1905;-2
1906;-10
1907;12
1908;-6
1909;-2
1910;-90
1911;-1
1912;-5
1913;-13
1914;-2
1915;-82
1916;-101
1917;-18
1918;-134
1919;-9
1920;0
1921;-98
1922;2
1923;41
1924;-225
1925;-24
1926;36
1927;-16
1928;4
1929;-126
1930;-250
1931;-24
1932;14
1933;26
1934;-86
1935;-100
1936;-5
1937;1
1938;4
1939;2
1940;-4
1941;0
1942;-4
1943;-69
1944;-108
1945;-10
1946;51
1947;-6
1948;1
1949;-72
1950;17
1951;3
1952;-2
1953;-2222222222222
1954;-82
1955;-5
1956;12
1957;4
1958;2
1959;56
1960;-1
1961;-8
1962;13
1963;-5
1964;-2
1965;16
1966;0
1967;0
1968;11
1969;-187
1970;-103.949
1971;3
1972;21
1973;-89
1974;17
1975;PEG LEGGGGGG!!!!!
1976;-5
1977;0
1978;12
1979;-18
1980;0
1981;0
1982;24
1983;-100
1984;-14
1985;-102
1986;8
1987;-87
1988;-76
1989;20
1990;12
1991;18
1992;13
1993;13
1994;5
1995;-6
1996;2
1997;-2
1998;4
1999;2
2000;7
2001;9
2002;-9
2003;36
2004;10
2005;-2
2006;25
2007;-112
2008;-7
2009;-177
2010;-18
2011;4
2012;8
2013;26
2014;-3
2015;-70
2016;-12
2017;23
2018;12
2019;-1
2020;2
2021;-2
2022;-83
2023;44
2024;3
2025;21
2026;-2
2027;27
2028;-9999990
2029;5
2030;-94
2031;0
2032;0
2033;-3
2034;-109
2035;1
2036;15
2037;0
2038;-15
2039;14
2040;-3
2041;31
2042;17
2043;0
2044;-99
2045;9.051
2046;-99
2047;-1
2048;-90
2049;-15
2050;PEG LEGGGGGG!!!!!
2051;-213
2052;14
2053;6
2054;0
2055;-200
2056;0
2057;35
2058;13
2059;1
2060;2
2061;30
2062;-2
2063;16
2064;-77
2065;4
2066;-12
2067;19
2068;-9
2069;-92
2070;-1
2071;15
2072;-5
2073;-3
2074;9
2075;-1
2076;6
2077;-2
2078;2
2079;-182
2080;-76
2081;4
2082;-5
2083;16
2084;34
2085;0
2086;-3
2087;-98
2088;-72
2089;-109
2090;-119
2091;-2
2092;4
2093;43
2094;-50
2095;-86
2096;12
2097;0
2098;-105
2099;3
2100;0
2101;9
2102;17
2103;11111111111
2104;-10
2105;-4
2106;-92
2107;-110
2108;10
2109;52
2110;3
2111;40
2112;6
2113;-80
2114;-146
2115;15
2116;-8
2117;32
2118;9
2119;-92
2120;-91.949
2121;-68
2122;57
2123;43
2124;0
2125;PEG LEGGGGGG!!!!!
2126;15
2127;10
2128;-2
2129;-1
2130;3
2131;0
2132;4
2133;10
2134;0
2135;7
2136;-10
2137;7
2138;7
2139;-188
2140;15
2141;0
2142;-113
2143;-94
2144;-21
2145;-6
2146;-6
2147;2
2148;19
2149;-9
2150;-1
2151;11
2152;32
2153;-94
2154;0
2155;-30
2156;-5
2157;20
2158;-13
2159;-5
2160;-29
2161;5
2162;30
2163;10
2164;48
2165;-67
2166;3
2167;0
2168;11
2169;2
2170;50
2171;-2
2172;-92
2173;24
2174;6
2175;-2
2176;-107
2177;35
2178;-2222222222222
2179;-1
2180;9
2181;3
2182;0
2183;-107
2184;-1
2185;62
2186;0
2187;-80
2188;22
2189;-6
2190;29
2191;-4
2192;-6
2193;-296
2194;-1
2195;20.051
2196;-21
2197;30
2198;2
2199;3
2200;PEG LEGGGGGG!!!!!
2201;-35
2202;7
2203;4
2204;1
2205;-8
2206;-96
2207;12
2208;26
2209;0
2210;14
2211;-5
2212;6
2213;49
2214;0
2215;3
2216;0
2217;68
2218;-196
2219;13
2220;-10
2221;-3
2222;41
2223;1
2224;15
2225;1
2226;2
2227;14
2228;-117
2229;14
2230;-212
2231;30
2232;0
2233;0
2234;20
2235;-96
2236;10
2237;-10
2238;-2
2239;-104
2240;-3
2241;-10
2242;21
2243;-105
2244;-3
2245;0
2246;-5
2247;8
2248;-102
2249;18
2250;14
2251;0
2252;13
2253;-9999990
2254;3
2255;1
2256;-19
2257;0
2258;2
2259;3
2260;-3
2261;13
2262;13
2263;-2
2264;-4
2265;-19
2266;-10
2267;-4
2268;-52
2269;15
2270;21.051
2271;30
2272;17
2273;-1
2274;0
2275;PEG LEGGGGGG!!!!!
2276;-7
2277;56
2278;-96
2279;-9
2280;20
2281;-76
2282;73
2283;52
2284;-5
2285;49
2286;0
2287;19
2288;14
2289;-9
2290;-2
2291;-1
2292;-12
2293;-105
2294;7
2295;-11
2296;-3
2297;20
2298;-4
2299;48
2300;-74
2301;0
2302;1
2303;-7
2304;-1
2305;2
2306;0
2307;-1
2308;0
2309;-1
2310;-24
2311;-23
2312;40
2313;-4
2314;-72
2315;-155
2316;0
2317;-84
2318;1
2319;0
2320;-2
2321;17
2322;-3
2323;44
2324;0
2325;-175
2326;-19
2327;76
2328;11111111111
2329;31
2330;8
2331;-5
2332;16
2333;25
2334;2
2335;0
2336;-5
2337;4
2338;-12
2339;32
2340;-8
2341;4
2342;27
2343;-3
2344;2
2345;-65.949
2346;17
2347;0
2348;0
2349;-198
2350;PEG LEGGGGGG!!!!!
2351;-33
2352;8
2353;1
2354;0
2355;-112
2356;-269
2357;0
2358;-1
2359;11
2360;-9
2361;6
2362;0
2363;9
2364;-4
2365;4
2366;2
2367;-8
2368;22
2369;8
2370;-80
2371;0
2372;-5
2373;10
2374;0
2375;-6
2376;-94
2377;-13
2378;10
2379;2
2380;-5
2381;22
2382;-158
2383;10
2384;2
2385;12
2386;-10
2387;0
2388;-1
2389;9
2390;-4
2391;0
2392;13
2393;0
2394;9
2395;-13
2396;-20
2397;14
2398;-47
2399;-33
2400;-13
2401;2
2402;-104
2403;11111111111
2404;-102
2405;-8
2406;-83
2407;10
2408;7
2409;-98
2410;4
2411;0
2412;-1
2413;-3
2414;-85
2415;-5
2416;21
2417;40
2418;0
2419;2
2420;-93.949
2421;-16
2422;13
2423;-4
2424;51
2425;PEG LEGGGGGG!!!!!
2426;-78
2427;-17
2428;-6
2429;-7
2430;-8
2431;24
2432;-1
2433;-156
2434;-4
2435;-71
2436;38
2437;3
2438;0
2439;-1
2440;-2
2441;0
2442;13
2443;10
2444;3
2445;0
2446;51
2447;9
2448;-8
2449;-3
2450;-15
2451;42
2452;-3
2453;-6
2454;17
2455;12
2456;15
2457;-1
2458;-6
2459;-6
2460;-92
2461;-2
2462;-4
2463;11
2464;16
2465;-177
2466;-180
2467;-107
2468;-8
2469;-3
2470;0
2471;2
2472;-2
2473;4
2474;29
2475;-178
2476;-6
2477;32
2478;-9999990
2479;-105
2480;-135
2481;6
2482;-4
2483;20
2484;4
2485;7
2486;26
2487;-111
2488;-81
2489;6
2490;-3
2491;0
2492;-1
2493;0
2494;3
2495;-1.949
2496;93
2497;-157
2498;-98
2499;-3
2500;PEG LEGGGGGG!!!!!
2501;-16
2502;0
2503;-1
2504;-97
2505;-9
2506;14
2507;16
2508;-103
2509;-1
2510;-163
2511;21
2512;0
2513;-8
2514;0
2515;-4
2516;18
2517;0
2518;0
2519;-6
2520;-7
2521;22
2522;-10
2523;12
2524;6
2525;-63
2526;0
2527;-2
2528;-10
2529;0
2530;6
2531;0
2532;-7
2533;-4
2534;0
2535;12
2536;0
2537;2
2538;11
2539;-100
2540;-8
2541;19
2542;-9
2543;-10
2544;-85
2545;10
2546;-25
2547;14
2548;34
2549;-86
2550;12
2551;2
2552;58
2553;-2222222222222
2554;-137
2555;-12
2556;-3
2557;34
2558;15
2559;-11
2560;-11
2561;-6
2562;4
2563;2
2564;-32
2565;-2
2566;-1
2567;-5
2568;0
2569;-20
2570;-4.949
2571;-2
2572;0
2573;-12
2574;-12
2575;PEG LEGGGGGG!!!!!
2576;13
2577;4
2578;-61
2579;-104
2580;17
2581;0
2582;-100
2583;-1
2584;-10
2585;23
2586;-3
2587;-12
2588;-10
2589;19
2590;37
2591;5
2592;0
2593;8
2594;58
2595;0
2596;-103
2597;0
2598;-183
2599;7
2600;2
2601;-100
2602;20
2603;26
2604;-214
2605;1
2606;-101
2607;-1
2608;-13
2609;-2
2610;4
2611;-3
2612;-2
2613;-4
2614;7
2615;0
2616;82
2617;-9
2618;8
2619;9
2620;-3
2621;-5
2622;-8
2623;5
2624;7
2625;-2
2626;-98
2627;-195
2628;-2222222222222
2629;-87
2630;-108
2631;0
2632;2
2633;0
2634;-5
2635;-69
2636;-7
2637;-6
2638;-14
2639;21
2640;15
2641;0
2642;40
2643;-17
2644;-1
2645;19.051
2646;2
2647;-76
2648;18
2649;-2
2650;PEG LEGGGGGG!!!!!
2651;37
2652;3
2653;-3
2654;-72
2655;22
2656;2
2657;-11
2658;-2
2659;1
2660;4
2661;46
2662;29
2663;14
2664;-87
2665;5
2666;-17
2667;-205
2668;-76
2669;-1
2670;9
2671;-46
2672;-3
2673;-11
2674;-7
2675;8
2676;11
2677;31
2678;8
2679;-12
2680;-1
2681;26
2682;-74
2683;7
2684;-1
2685;-7
2686;18
2687;65
2688;38
2689;34
2690;-8
2691;11
2692;0
2693;0
2694;14
2695;-100
2696;-124
2697;-24
2698;2
2699;-2
2700;-1
2701;-12
2702;-98
2703;-2222222222222
2704;-89
2705;5
2706;-130
2707;27
2708;-3
2709;50
2710;13
2711;16
2712;-1
2713;-5
2714;-2
2715;-4
2716;8
2717;-19
2718;2
2719;35
2720;56.051
2721;2
2722;0
2723;-108
2724;-30
2725;PEG LEGGGGGG!!!!!
2726;-111
2727;-71
2728;27
2729;-82
2730;-131
2731;-2
2732;-99
2733;-8
2734;12
2735;0
2736;28
2737;0
2738;-10
2739;0
2740;-5
2741;15
2742;-5
2743;-10
2744;-9
2745;22
2746;-11
2747;0
2748;-118
2749;-1
2750;14
2751;-6
2752;-109
2753;-32
2754;26
2755;8
2756;-172
2757;3
2758;-11
2759;0
2760;-13
2761;21
2762;0
2763;3
2764;1
2765;-121
2766;1
2767;3
2768;10
2769;-2
2770;-191
2771;-3
2772;-215
2773;-85
2774;45
2775;-1
2776;7
2777;-13
2778;-2222222222222
2779;1
2780;-2
2781;1
2782;12
2783;-1
2784;-108
2785;2
2786;-99
2787;-5
2788;-72
2789;11
2790;3
2791;-86
2792;24
2793;-8
2794;0
2795;-2.949
2796;9
2797;-1
2798;5
2799;0
2800;PEG LEGGGGGG!!!!!
2801;13
2802;14
2803;-72
2804;-5
2805;-20
2806;2
2807;8
2808;-9
2809;7
2810;-205
2811;2
2812;-2
2813;-96
2814;-55
2815;8
2816;0
2817;26
2818;36
2819;28
2820;26
2821;-8
2822;-6
2823;0
2824;-50
2825;6
2826;6
2827;1
2828;1
2829;12
2830;14
2831;-102
2832;0
2833;-2
2834;-9
2835;0
2836;4
2837;-11
2838;23
2839;24
2840;56
2841;10
2842;1
2843;-3
2844;-71
2845;-20
2846;42
2847;-10
2848;-13
2849;-12
2850;-10
2851;-19
2852;-7
2853;-9999990
2854;1
2855;2
2856;-4
2857;-1
2858;16
2859;0
2860;-1
2861;21
2862;-110
2863;6
2864;-5
2865;13
2866;-5
2867;-11
2868;7
2869;4
2870;27.051
2871;-125
2872;-103
2873;-98
2874;-109
2875;PEG LEGGGGGG!!!!!
2876;-234
2877;3
2878;0
2879;-132
2880;12
2881;-93
2882;8
2883;0
2884;6
2885;9
2886;-3
2887;-8
2888;-122
2889;13
2890;-82
2891;49
2892;19
2893;1
2894;-9
2895;-11
2896;12
2897;-12
2898;1
2899;9
2900;-64
2901;22
2902;0
2903;-55
2904;-144
2905;0
2906;22
2907;2
2908;-60
2909;-154
2910;4
2911;-18
2912;1
2913;-7
2914;-1
2915;-100
2916;-2
2917;16
2918;0
2919;-34
2920;-31
2921;-88
2922;-73
2923;0
2924;-17
2925;44
2926;-1
2927;9
2928;11111111111
2929;-18
2930;0
2931;0
2932;2
2933;-4
2934;-9
2935;24
2936;8
2937;0
2938;0
2939;-1
2940;13
2941;33
2942;-272
2943;-107
2944;-107
2945;9.051
2946;1
2947;-5
2948;1
2949;-1
2950;PEG LEGGGGGG!!!!!
2951;2
2952;-101
2953;-94
2954;23
2955;24
2956;7
2957;15
2958;-371
2959;24
2960;4
2961;-230
2962;-5
2963;24
2964;-2
2965;16
2966;0
2967;-66
2968;0
2969;-5
2970;0
2971;0
2972;7
2973;-1
2974;21
2975;0
2976;-114
2977;16
2978;16
2979;26
2980;17
2981;0
2982;-2
2983;-1
2984;18
2985;-117
2986;9
2987;-3
2988;-3
2989;-141
2990;4
2991;0
2992;-4
2993;-207
2994;-111
2995;14
2996;0
2997;-6
2998;33
2999;-105
3000;-4
3001;2
3002;-20
3003;-9999990
3004;4
3005;-10
3006;-8
3007;-4
3008;6
3009;11
3010;-112
3011;0
3012;-5
3013;-6
3014;2
3015;25
3016;1
3017;-89
3018;4
3019;4
3020;2.051
3021;-118
3022;8
3023;20
3024;10
3025;PEG LEGGGGGG!!!!!
3026;-100
3027;-103
3028;0
3029;10
3030;-57
3031;20
3032;-76
3033;27
3034;0
3035;-1
3036;-203
3037;21
3038;17
3039;-7
3040;2
3041;28
3042;-2
3043;-24
3044;1
3045;-11
3046;-12
3047;17
3048;0
3049;7
3050;5
3051;-2
3052;0
3053;29
3054;14
3055;1
3056;-90
3057;1
3058;4
3059;17
3060;-6
3061;11
3062;5
3063;-18
3064;17
3065;9
3066;0
3067;21
3068;6
3069;3
3070;-111
3071;0
3072;3
3073;3
3074;-5
3075;48
3076;-2
3077;4
3078;-9999990
3079;-1
3080;-110
3081;15
3082;-3
3083;3
3084;-5
3085;-9
3086;-202
3087;2
3088;12
3089;6
3090;-11
3091;-8
3092;0
3093;4
3094;-26
3095;43.051
3096;0
3097;-78
3098;24
3099;12
3100;PEG LEGGGGGG!!!!!
3101;-110
3102;-13
3103;-94
3104;-7
3105;-102
3106;0
3107;-11
3108;-9
3109;0
3110;-97
3111;7
3112;1
3113;17
3114;18
3115;-76
3116;0
3117;7
3118;0
3119;12
3120;5
3121;-105
3122;-8
3123;0
3124;-18
3125;-165
3126;-192
3127;-4
3128;0
3129;-10
3130;25
3131;-14
3132;-1
3133;28
3134;-114
3135;2
3136;-4
3137;-5
3138;-1
3139;-5
3140;-8
3141;32
3142;-2
3143;-5
3144;-7
3145;-1
3146;61
3147;-77
3148;1
3149;11
3150;23
3151;-116
3152;-97
3153;-9999990
3154;-8
3155;0
3156;-100
3157;-93
3158;-177
3159;-68
3160;17
3161;-19
3162;-13
3163;11
3164;-2
3165;14
3166;0
3167;33
3168;-103
3169;-15
3170;0.051
3171;-1
3172;-87
3173;-114
3174;-80
3175;PEG LEGGGGGG!!!!!
3176;-4
3177;-5
3178;16
3179;66
3180;33
3181;-6
3182;11
3183;-7
3184;-3
3185;-7
3186;0
3187;19
3188;-2
3189;0
3190;0
3191;9
3192;13
3193;-1
3194;-109
3195;4
3196;-14
3197;-79
3198;6
3199;0
3200;3
3201;-87
3202;-3
3203;-96
3204;-116
3205;9
3206;8
3207;10
3208;-9
3209;0
3210;-177
3211;17
3212;-4
3213;-102
3214;20
3215;-175
3216;-5
3217;7
3218;17
3219;38
3220;4
3221;-2
3222;29
3223;1
3224;3
3225;10
3226;-8
3227;0
3228;-9999990
3229;6
3230;-100
3231;-8
3232;-11
3233;0
3234;22
3235;-27
3236;0
3237;-122
3238;-180
3239;10
3240;-98
3241;-3
3242;-2
3243;4
3244;-5
3245;0.051
3246;2
3247;-94
3248;10
3249;0
3250;PEG LEGGGGGG!!!!!
3251;1
3252;-1
3253;-79
3254;-104
3255;-88
3256;-208
3257;-8
3258;2
3259;20
3260;5
3261;-84
3262;39
3263;-100
3264;15
3265;-8
3266;8
3267;-5
3268;-171
3269;20
3270;-2
3271;-17
3272;-6
3273;15
3274;0
3275;-78
3276;18
3277;8
3278;-10
3279;-13
3280;-11
3281;-1
3282;-68
3283;18
3284;7
3285;-9
3286;11
3287;-1
3288;28
3289;7
3290;2
3291;-98
3292;4
3293;-231
3294;-89
3295;5
3296;-5
3297;-2
3298;-29
3299;4
3300;-30
3301;1
3302;-108
3303;-2222222222222
3304;9
3305;-141
3306;-112
3307;0
3308;-36
3309;0
3310;0
3311;0
3312;-10
3313;1
3314;-54
3315;32
3316;-177
3317;11
3318;-205
3319;-66
3320;-4.949
3321;0
3322;-4
3323;-105
3324;-13
3325;PEG LEGGGGGG!!!!!
3326;0
3327;-21
3328;47
3329;2
3330;-13
3331;17
3332;-1
3333;13
3334;-4
3335;5
3336;5
3337;-3
3338;0
3339;2
3340;11
3341;7
3342;42
3343;-9
3344;-2
3345;8
3346;-117
3347;0
3348;-1
3349;0
3350;4
3351;-1
3352;35
3353;-13
3354;5
3355;-97
3356;-2
3357;11
3358;4
3359;9
3360;43
3361;-10
3362;7
3363;-6
3364;5
3365;15
3366;0
3367;-2
3368;-177
3369;0
3370;-18
3371;-13
3372;10
3373;-109
3374;0
3375;-5
3376;-4
3377;0
3378;-9999990
3379;19
3380;41
3381;18
3382;1
3383;-96
3384;0
3385;13
3386;0
3387;5
3388;4
3389;-9
3390;-79
3391;-137
3392;0
3393;29
3394;-212
3395;9.051
3396;76
3397;16
3398;12
3399;-70
3400;PEG LEGGGGGG!!!!!
3401;-101
3402;-5
3403;-4
3404;28
3405;-98
3406;-82
3407;-8
3408;-101
3409;0
3410;12
3411;0
3412;8
3413;-2
3414;-1
3415;0
3416;-1
3417;-9
3418;19
3419;-1
3420;-1
3421;39
3422;20
3423;14
3424;-109
3425;33
3426;-80
3427;-80
3428;-4
3429;-12
3430;2
3431;-6
3432;-3
3433;-18
3434;13
3435;-17
3436;-111
3437;4
3438;11
3439;-106
3440;16
3441;-93
3442;1
3443;-94
3444;7
3445;-108
3446;7
3447;-100
3448;16
3449;14
3450;0
3451;24
3452;19
3453;-2222222222222
3454;-13
3455;-9
3456;-14
3457;22
3458;10
3459;-346
3460;0
3461;-16
3462;-14
3463;-75
3464;-1
3465;-3
3466;-111
3467;-1
3468;-71
3469;9
3470;57.051
3471;11
3472;9
3473;0
3474;-101
3475;PEG LEGGGGGG!!!!!
3476;-6
3477;33
3478;9
3479;16
3480;11
3481;0
3482;0
3483;6
3484;4
3485;-1
3486;0
3487;13
3488;7
3489;4
3490;-156
3491;4
3492;-1
3493;-81
3494;-102
3495;-10
3496;-30
3497;-56
3498;1
3499;0
3500;0
3501;-12
3502;-1
3503;-2
3504;-2
3505;-5
3506;-2
3507;0
3508;-24
3509;1
3510;-5
3511;0
3512;4
3513;-106
3514;-103
3515;19
3516;-4
3517;0
3518;-11
3519;0
3520;-3
3521;0
3522;-114
3523;8
3524;-1
3525;-1
3526;-1
3527;7
3528;-2222222222222
3529;-16
3530;-18
3531;9
3532;17
3533;-83
3534;-2
3535;-211
3536;39
3537;-5
3538;-2
3539;18
3540;1
3541;-99
3542;0
3543;1
3544;3
3545;-49.949
3546;39
3547;-168
3548;-35
3549;0
3550;PEG LEGGGGGG!!!!!
3551;-14
3552;0
3553;-78
3554;33
3555;3
3556;-6
3557;16
3558;-6
3559;-2
3560;0
3561;21
3562;-10
3563;0
3564;9
3565;-6
3566;-5
3567;50
3568;2
3569;-202
3570;-5
3571;4
3572;-100
3573;3
3574;8
3575;-8
3576;-4
3577;24
3578;0
3579;14
3580;-1
3581;-5
3582;-108
3583;-5
3584;-8
3585;-18
3586;-106
3587;0
3588;57
3589;2
3590;-4
3591;-95
3592;-3
3593;43
3594;21
3595;-20
3596;-1
3597;-216
3598;-92
3599;22
3600;4
3601;17
3602;1
3603;-2222222222222
3604;31
3605;29
3606;0
3607;0
3608;14
3609;-1
3610;6
3611;-14
3612;0
3613;13
3614;-85
3615;1
3616;-19
3617;-67
3618;3
3619;27
3620;1.051
3621;9
3622;0
3623;-2
3624;0
3625;PEG LEGGGGGG!!!!!
3626;6
3627;-77
3628;-6
3629;9
3630;-7
3631;-52
3632;24
3633;-66
3634;7
3635;-1
3636;8
3637;-112
3638;-4
3639;-6
3640;-4
3641;-87
3642;1
3643;14
3644;24
3645;-11
3646;28
3647;-56
3648;-161
3649;2
3650;22
3651;7
3652;4
3653;0
3654;14
3655;0
3656;-107
3657;11
3658;-1
3659;4
3660;0
3661;-6
3662;-10
3663;19
3664;22
3665;0
3666;6
3667;8
3668;3
3669;-7
3670;-3
3671;20
3672;45
3673;-2
3674;-1
3675;4
3676;-66
3677;-15
3678;-9999990
3679;8
3680;-195
3681;2
3682;4
3683;-97
3684;-6
3685;0
3686;1
3687;0
3688;6
3689;7
3690;13
3691;-27
3692;19
3693;4
3694;12
3695;-87.949
3696;0
3697;-104
3698;20
3699;-101
3700;PEG LEGGGGGG!!!!!
3701;-6
3702;31
3703;15
3704;30
3705;-91
3706;1
3707;1
3708;0
3709;1
3710;-197
3711;0
3712;-4
3713;-60
3714;-5
3715;13
3716;-113
3717;0
3718;-151
3719;-3
3720;-2
3721;-61
3722;-10
3723;-94
3724;-33
3725;-86
3726;-17
3727;20
3728;15
3729;-5
3730;0
3731;-94
3732;35
3733;9
3734;-14
3735;-359
3736;-96
3737;17
3738;18
3739;11
3740;20
3741;-3
3742;-12
3743;-79
3744;17
3745;0
3746;0
3747;-109
3748;-73
3749;13
3750;-123
3751;-1
3752;2
3753;11111111111
3754;-1
3755;-18
3756;12
3757;11
3758;-2
3759;-104
3760;2
3761;13
3762;24
3763;29
3764;2
3765;0
3766;-202
3767;5
3768;5
3769;-224
3770;-0.949
3771;-95
3772;-27
3773;14
3774;-3
3775;PEG LEGGGGGG!!!!!
3776;-103
3777;28
3778;6
3779;-298
3780;-72
3781;0
3782;-3
3783;-17
3784;4
3785;-118
3786;-107
3787;1
3788;-3
3789;-10
3790;15
3791;-79
3792;-205
3793;43
3794;4
3795;62
3796;2
3797;35
3798;2
3799;-196
3800;-2
3801;-30
3802;77
3803;0
3804;17
3805;28
3806;-5
3807;-20
3808;1
3809;-10
3810;28
3811;-101
3812;1
3813;-6
3814;3
3815;4
3816;20
3817;-107
3818;-8
3819;14
3820;-11
3821;-107
3822;11
3823;21
3824;6
3825;13
3826;7
3827;-3
3828;11111111111
3829;-106
3830;-5
3831;-29
3832;12
3833;-64
3834;-1
3835;9
3836;-14
3837;-12
3838;-4
3839;-1
3840;52
3841;19
3842;-23
3843;6
3844;0
3845;0.051
3846;23
3847;0
3848;-1
3849;-23
3850;PEG LEGGGGGG!!!!!
3851;11
3852;-70
3853;0
3854;-16
3855;30
3856;4
3857;4
3858;-2
3859;3
3860;5
3861;2
3862;-10
3863;-90
3864;-1
3865;16
3866;-73
3867;0
3868;-210
3869;0
3870;2
3871;0
3872;15
3873;4
3874;-207
3875;15
3876;-1
3877;12
3878;0
3879;1
3880;-96
3881;0
3882;-5
3883;0
3884;0
3885;-5
3886;0
3887;-117
3888;-85
3889;7
3890;3
3891;7
3892;-1
3893;-94
3894;-8
3895;22
3896;-20
3897;0
3898;-1
3899;-23
3900;0
3901;4
3902;22
3903;11111111111
3904;-4
3905;23
3906;-8
3907;-8
3908;-98
3909;33
3910;63
3911;0
3912;-108
3913;8
3914;-8
3915;4
3916;3
3917;-90
3918;-84
3919;-109
3920;-80.949
3921;0
3922;0
3923;15
3924;-2
3925;PEG LEGGGGGG!!!!!
3926;-7
3927;7
3928;-70
3929;28
3930;-218
3931;-17
3932;-15
3933;-1
3934;21
3935;19
3936;-18
3937;12
3938;0
3939;-78
3940;4
3941;0
3942;-5
3943;19
3944;-146
3945;34
3946;-5
3947;-321
3948;-17
3949;30
3950;-210
3951;7
3952;71
3953;-5
3954;-187
3955;-2
3956;-87
3957;0
3958;11
3959;43
3960;-109
3961;6
3962;30
3963;18
3964;-10
3965;3
3966;29
3967;-5
3968;1
3969;-16
3970;-2
3971;43
3972;-60
3973;-104
3974;-106
3975;0
3976;-2
3977;-104
3978;11111111111
3979;-88
3980;28
3981;1
3982;-6
3983;9
3984;-1
3985;0
3986;32
3987;-309
3988;3
3989;-12
3990;0
3991;32
3992;20
3993;-17
3994;-12
3995;-97.949
3996;-108
3997;9
3998;26
3999;-1
4000;PEG LEGGGGGG!!!!!
4001;55
4002;-4
4003;16
4004;0
4005;0
4006;0
4007;-2
4008;8
4009;-2
4010;-54
4011;-20
4012;20
4013;6
4014;-5
4015;51
4016;11
4017;0
4018;-3
4019;-9
4020;16
4021;1
4022;18
4023;23
4024;0
4025;0
4026;0
4027;-8
4028;-3
4029;-114
4030;-7
4031;19
4032;-1
4033;1
4034;-120
4035;-92
4036;-101
4037;-99
4038;0
4039;12
4040;15
4041;20
4042;-87
4043;10
4044;2
4045;25
4046;3
4047;0
4048;15
4049;-90
4050;-92
4051;-90
4052;4
4053;-9999990
4054;7
4055;-1
4056;-231
4057;-1
4058;-100
4059;-5
4060;-3
4061;-2
4062;-99
4063;-2
4064;0
4065;22
4066;39
4067;0
4068;-8
4069;91
4070;-308.949
4071;-1
4072;-2
4073;-89
4074;-12
4075;PEG LEGGGGGG!!!!!
4076;-190
4077;0
4078;2
4079;-96
4080;12
4081;-7
4082;4
4083;33
4084;8
4085;-5
4086;-99
4087;-101
4088;-11
4089;30
4090;-93
4091;-110
4092;0
4093;-119
4094;-4
4095;-66
4096;-15
4097;0
4098;-62
4099;-19
4100;-3
4101;29
4102;0
4103;2
4104;-8
4105;-108
4106;0
4107;-17
4108;-217
4109;-3
4110;17
4111;4
4112;42
4113;-109
4114;10
4115;-99
4116;-16
4117;26
4118;-11
4119;-7
4120;-104
4121;13
4122;14
4123;28
4124;13
4125;-107
4126;-1
4127;4
4128;-2222222222222
4129;-23
4130;0
4131;6
4132;-95
4133;-66
4134;64
4135;0
4136;43
4137;-11
4138;18
4139;4
4140;-194
4141;17
4142;-4
4143;7
4144;23
4145;-83.949
4146;-3
4147;20
4148;-148
4149;-8
4150;PEG LEGGGGGG!!!!!
4151;-3
4152;37
4153;-66
4154;0
4155;22
4156;32
4157;-72
4158;6
4159;-3
4160;-99
4161;-80
4162;14
4163;-8
4164;15
4165;18
4166;-1
4167;0
4168;19
4169;-1
4170;5
4171;-8
4172;-37
4173;11
4174;6
4175;-3
4176;0
4177;-6
4178;-2
4179;-2
4180;-15
4181;0
4182;5
4183;22
4184;10
4185;-1
4186;-69
4187;24
4188;-7
4189;2
4190;-1
4191;-2
4192;-2
4193;41
4194;14
4195;-3
4196;0
4197;25
4198;-17
4199;41
4200;-23
4201;45
4202;0
4203;-2222222222222
4204;15
4205;-109
4206;5
4207;-20
4208;-12
4209;0
4210;-8
4211;3
4212;-174
4213;-90
4214;-95
4215;-2
4216;-100
4217;-128
4218;-3
4219;-7
4220;13.051
4221;-1
4222;-5
4223;-1
4224;28
4225;PEG LEGGGGGG!!!!!
4226;-5
4227;1
4228;-107
4229;-5
4230;4
4231;15
4232;-199
4233;8
4234;21
4235;54
4236;-2
4237;40
4238;10
4239;-4
4240;4
4241;17
4242;-103
4243;-173
4244;-1
4245;0
4246;21
4247;3
4248;6
4249;1
4250;-11
4251;-2
4252;7
4253;7
4254;12
4255;20
4256;2
4257;1
4258;14
4259;2
4260;2
4261;3
4262;-6
4263;13
4264;-14
4265;-6
4266;24
4267;0
4268;18
4269;21
4270;35
4271;7
4272;-5
4273;-74
4274;5
4275;29
4276;12
4277;1
4278;-2222222222222
4279;-13
4280;-38
4281;0
4282;-126
4283;9
4284;-5
4285;-11
4286;3
4287;-85
4288;-2
4289;-7
4290;82
4291;-9
4292;6
4293;5
4294;6
4295;-107.949
4296;18
4297;13
4298;-94
4299;-9
4300;PEG LEGGGGGG!!!!!
4301;-31
4302;-106
4303;5
4304;-9
4305;-2
4306;4
4307;-4
4308;-9
4309;4
4310;-93
4311;-1
4312;-1
4313;23
4314;16
4315;-71
4316;0
4317;-74
4318;2
4319;-19
4320;-102
4321;0
4322;14
4323;-135
4324;3
4325;14
4326;-63
4327;0
4328;15
4329;9
4330;-6
4331;11
4332;3
4333;-11
4334;4
4335;1
4336;0
4337;9
4338;-6
4339;-10
4340;5
4341;-1
4342;-105
4343;0
4344;12
4345;13
4346;0
4347;-4
4348;-9
4349;0
4350;-13
4351;-162
4352;-7
4353;11111111111
4354;0
4355;10
4356;0
4357;-49
4358;0
4359;33
4360;-10
4361;-83
4362;-1
4363;3
4364;36
4365;-3
4366;-10
4367;0
4368;28
4369;34
4370;-97.949
4371;1
4372;0
4373;-85
4374;1
4375;PEG LEGGGGGG!!!!!
4376;-2
4377;4
4378;2
4379;5
4380;6
4381;56
4382;-4
4383;-126
4384;-179
4385;-7
4386;29
4387;-10
4388;9
4389;-5
4390;11
4391;14
4392;-10
4393;-107
4394;5
4395;2
4396;0
4397;10
4398;-5
4399;-3
4400;-8
4401;3
4402;7
4403;22
4404;13
4405;4
4406;14
4407;15
4408;-3
4409;-6
4410;15
4411;0
4412;-99
4413;0
4414;44
4415;22
4416;29
4417;-7
4418;1
4419;0
4420;39
4421;35
4422;25
4423;-18
4424;27
4425;-155
4426;-182
4427;0
4428;-9999990
4429;43
4430;4
4431;-173
4432;-13
4433;-64
4434;-43
4435;-3
4436;-113
4437;-104
4438;-74
4439;25
4440;24
4441;1
4442;0
4443;38
4444;16
4445;-1.949
4446;-186
4447;-12
4448;1
4449;-14
4450;PEG LEGGGGGG!!!!!
4451;-7
4452;2
4453;-11
4454;-2
4455;23
4456;26
4457;27
4458;21
4459;-4
4460;7
4461;4
4462;-1
4463;16
4464;-1
4465;3
4466;20
4467;-271
4468;5
4469;3
4470;9
4471;19
4472;39
4473;-201
4474;-44
4475;-4
4476;-93
4477;0
4478;11
4479;-6
4480;1
4481;24
4482;-76
4483;20
4484;-81
4485;2
4486;-5
4487;-1
4488;7
4489;31
4490;-2
4491;14
4492;11
4493;2
4494;-94
4495;-3
4496;-82
4497;-237
4498;6
4499;23
4500;-70
4501;14
4502;20
4503;-9999990
4504;-1
4505;-112
4506;-6
4507;-4
4508;-25
4509;-87
4510;-10
4511;2
4512;-111
4513;6
4514;10
4515;-101
4516;-1
4517;-5
4518;29
4519;0
4520;1.051
4521;-18
4522;-79
4523;0
4524;-288
4525;PEG LEGGGGGG!!!!!
4526;-3
4527;-1
4528;27
4529;10
4530;15
4531;-13
4532;-4
4533;-33
4534;17
4535;19
4536;-2
4537;12
4538;-8
4539;16
4540;12
4541;3
4542;0
4543;-2
4544;16
4545;-106
4546;-88
4547;1
4548;-111
4549;1
4550;35
4551;0
4552;-6
4553;-3
4554;0
4555;43
4556;-2
4557;-75
4558;0
4559;16
4560;-17
4561;18
4562;-1
4563;17
4564;15
4565;0
4566;7
4567;18
4568;-98
4569;0
4570;29
4571;7
4572;-266
4573;18
4574;7
4575;-3
4576;-1
4577;24
4578;-9999990
4579;14
4580;-9
4581;1
4582;2
4583;-2
4584;-106
4585;-70
4586;-10
4587;0
4588;27
4589;33
4590;24
4591;-71
4592;33
4593;3
4594;18
4595;18.051
4596;-97
4597;9
4598;0
4599;-64
4600;PEG LEGGGGGG!!!!!
4601;3
4602;-2
4603;34
4604;3
4605;-3
4606;8
4607;-93
4608;18
4609;26
4610;-3
4611;0
4612;-1
4613;45
4614;12
4615;-4
4616;-123
4617;-9
4618;4
4619;0
4620;-77
4621;0
4622;16
4623;-1
4624;18
4625;-187
4626;-68
4627;-114
4628;56
4629;-5
4630;0
4631;24
4632;-1
4633;-116
4634;-111
4635;-28
4636;0
4637;-3
4638;6
4639;-96
4640;-19
4641;-8
4642;-7
4643;-8
4644;-404
4645;7
4646;-81
4647;12
4648;-12
4649;-75
4650;0
4651;15
4652;55
4653;-2222222222222
4654;0
4655;14
4656;-15
4657;16
4658;-61
4659;-88
4660;12
4661;1
4662;-17
4663;9
4664;2
4665;3
4666;15
4667;-100
4668;-3
4669;-8
4670;-132.949
4671;1
4672;0
4673;13
4674;-21
4675;PEG LEGGGGGG!!!!!
4676;1
4677;0
4678;-20
4679;0
4680;8
4681;8
4682;-21
4683;-3
4684;18
4685;-209
4686;19
4687;63
4688;16
4689;0
4690;-11
4691;-72
4692;10
4693;4
4694;-3
4695;-7
4696;-96
4697;13
4698;-10
4699;12
4700;11
4701;25
4702;-4
4703;-6
4704;-2
4705;12
4706;-93
4707;-41
4708;-11
4709;-9
4710;-150
4711;0
4712;22
4713;0
4714;-3
4715;17
4716;33
4717;5
4718;11
4719;6
4720;-3
4721;13
4722;-113
4723;-200
4724;-7
4725;10
4726;-28
4727;-6
4728;11111111111
4729;57
4730;-3
4731;-108
4732;-3
4733;-3
4734;-12
4735;-13
4736;13
4737;21
4738;8
4739;-109
4740;8
4741;14
4742;-3
4743;-9
4744;-3
4745;-18.949
4746;-209
4747;-13
4748;0
4749;-74
4750;PEG LEGGGGGG!!!!!
4751;37
4752;-104
4753;13
4754;6
4755;1
4756;-12
4757;-94
4758;9
4759;34
4760;17
4761;5
4762;-102
4763;-86
4764;-3
4765;-2
4766;-3
4767;0
4768;51
4769;-1
4770;-94
4771;-84
4772;-19
4773;-7
4774;-7
4775;0
4776;0
4777;-2
4778;-9
4779;15
4780;-11
4781;16
4782;3
4783;-1
4784;-119
4785;7
4786;-184
4787;7
4788;11
4789;0
4790;26
4791;3
4792;0
4793;21
4794;64
4795;18
4796;5
4797;0
4798;-2
4799;1
4800;1
4801;18
4802;8
4803;11111111111
4804;-2
4805;-1
4806;-8
4807;-117
4808;-8
4809;-69
4810;-2
4811;-2
4812;-5
4813;33
4814;-7
4815;9
4816;3
4817;-19
4818;14
4819;-5
4820;17.051
4821;-198
4822;5
4823;13
4824;6
4825;PEG LEGGGGGG!!!!!
4826;16
4827;16
4828;1
4829;12
4830;-2
4831;0
4832;-1
4833;-59
4834;-5
4835;0
4836;10
4837;7
4838;-19
4839;162
4840;34
4841;0
4842;-10
4843;1
4844;12
4845;21
4846;0
4847;1
4848;2
4849;35
4850;-15
4851;-24
4852;-2
4853;16
4854;0
4855;-3
4856;32
4857;0
4858;-102
4859;7
4860;-89
4861;0
4862;-5
4863;2
4864;12
4865;-8
4866;0
4867;0
4868;-94
4869;-84
4870;4
4871;-98
4872;2
4873;-75
4874;56
4875;-26
4876;-3
4877;-2
4878;11111111111
4879;1
4880;-212
4881;11
4882;-12
4883;14
4884;14
4885;0
4886;22
4887;36
4888;-81
4889;-18
4890;16
4891;0
4892;8
4893;0
4894;17
4895;-79.949
4896;-205
4897;5
4898;-116
4899;-10
4900;PEG LEGGGGGG!!!!!
4901;2
4902;-20
4903;13
4904;9
4905;11
4906;-211
4907;-360
4908;-166
4909;19
4910;5
4911;-59
4912;-3
4913;-1
4914;12
4915;8
4916;-3
4917;-52
4918;-2
4919;19
4920;-81
4921;-1
4922;-5
4923;-5
4924;-14
4925;35
4926;-6
4927;0
4928;15
4929;14
4930;-13
4931;19
4932;0
4933;-81
4934;37
4935;2
4936;7
4937;2
4938;-3
4939;30
4940;45
4941;8
4942;25
4943;-98
4944;-13
4945;-5
4946;-8
4947;13
4948;-98
4949;8
4950;38
4951;-27
4952;-47
4953;-9999990
4954;25
4955;3
4956;57
4957;-23
4958;4
4959;4
4960;-5
4961;50
4962;-1
4963;24
4964;33
4965;17
4966;-3
4967;0
4968;-92
4969;-183
4970;-63.949
4971;-69
4972;6
4973;0
4974;0
4975;PEG LEGGGGGG!!!!!
4976;0
4977;8
4978;3
4979;0
4980;3
4981;2
4982;1
4983;18
4984;-7
4985;-5
4986;36
4987;1
4988;-88
4989;20
4990;35
4991;0
4992;12
4993;0
4994;-9
4995;0
4996;-20
4997;-101
4998;-50
4999;-40
5000;41
5001;-2
5002;0
5003;5
5004;111
5005;0
5006;-101
5007;28
5008;40
5009;4
5010;13
5011;-1
5012;0
5013;11
5014;4
5015;10
5016;-4
5017;22
5018;10
5019;-5
5020;-11
5021;-81
5022;-4
5023;-15
5024;-9
5025;-202
5026;-170
5027;12
5028;11111111111
5029;-1
5030;11
5031;-23
5032;47
5033;16
5034;-91
5035;9
5036;-9
5037;14
5038;17
5039;-237
5040;-316
5041;0
5042;-17
5043;-12
5044;16
5045;12.051
5046;0
5047;-226
5048;3
5049;56
5050;PEG LEGGGGGG!!!!!
5051;0
5052;-92
5053;18
5054;-93
5055;-18
5056;0
5057;11
5058;-207
5059;49
5060;-10
5061;20
5062;0
5063;-61
5064;17
5065;-107
5066;19
5067;-5
5068;-14
5069;18
5070;2
5071;-6
5072;23
5073;-6
5074;-8
5075;0
5076;-29
5077;0
5078;-7
5079;3
5080;3
5081;18
5082;-7
5083;4
5084;-9
5085;1
5086;4
5087;2
5088;-6
5089;-110
5090;-29
5091;-10
5092;-24
5093;-3
5094;-6
5095;25
5096;0
5097;-127
5098;-3
5099;17
5100;-1
5101;-2
5102;-33
5103;-9999990
5104;-103
5105;-8
5106;-1
5107;-130
5108;-4
5109;-210
5110;-206
5111;0
5112;-97
5113;-94
5114;31
5115;8
5116;50
5117;-11
5118;-6
5119;41
5120;-3.949
5121;-33
5122;1
5123;2
5124;-82
5125;PEG LEGGGGGG!!!!!
5126;11
5127;-3
5128;-12
5129;2
5130;5
5131;1
5132;-1
5133;27
5134;-119
5135;16
5136;-1
5137;-23
5138;20
5139;16
5140;-104
5141;4
5142;14
5143;-7
5144;-20
5145;-7
5146;0
5147;4
5148;7
5149;-103
5150;4
5151;17
5152;37
5153;-45
5154;0
5155;-3
5156;-14
5157;-94
5158;-30
5159;4
5160;10
5161;2
5162;-66
5163;-16
5164;-8
5165;-8
5166;24
5167;-135
5168;-9
5169;4
5170;-1
5171;-82
5172;-42
5173;-4
5174;28
5175;14
5176;-191
5177;-378
5178;-9999990
5179;24
5180;-2
5181;4
5182;-1
5183;29
5184;0
5185;2
5186;0
5187;-15
5188;3
5189;9
5190;-5
5191;-5
5192;0
5193;-61
5194;18
5195;-139.949
5196;18
5197;-10
5198;-64
5199;22
5200;PEG LEGGGGGG!!!!!
5201;-212
5202;-3
5203;0
5204;-99
5205;3
5206;-4
5207;-4
5208;7
5209;67
5210;-9
5211;17
5212;15
5213;13
5214;9
5215;4
5216;-142
5217;17
5218;-1
5219;13
5220;0
5221;-7
5222;-20
5223;-8
5224;-5
5225;0
5226;-5
5227;0
5228;-16
5229;-13
5230;-199
5231;21
5232;21
5233;-5
5234;-9
5235;-102
5236;39
5237;47
5238;9
5239;26
5240;29
5241;-90
5242;8
5243;-7
5244;7
5245;-4
5246;-12
5247;49
5248;-20
5249;-354
5250;-3
5251;-1
5252;-4
5253;-9999990
5254;18
5255;22
5256;-2
5257;-14
5258;-29
5259;-183
5260;-2
5261;-13
5262;11
5263;11
5264;0
5265;-1
5266;1
5267;-95
5268;-14
5269;1
5270;17.051
5271;22
5272;-32
5273;-8
5274;1
5275;PEG LEGGGGGG!!!!!
5276;-1
5277;-4
5278;-7
5279;-202
5280;36
5281;27
5282;28
5283;-1
5284;-61
5285;82
5286;-3
5287;-25
5288;0
5289;7
5290;21
5291;0
5292;-98
5293;-8
5294;0
5295;-4
5296;-17
5297;7
5298;6
5299;1
5300;0
5301;4
5302;0
5303;-117
5304;-105
5305;34
5306;-6
5307;-220
5308;-5
5309;54
5310;-1
5311;6
5312;2
5313;31
5314;0
5315;-4
5316;18
5317;13
5318;-1
5319;-15
5320;-9
5321;-2
5322;0
5323;37
5324;37
5325;-7
5326;0
5327;-102
5328;11111111111
5329;4
5330;-20
5331;-58
5332;20
5333;21
5334;-134
5335;-1
5336;4
5337;28
5338;-8
5339;-137
5340;-4
5341;-14
5342;-4
5343;17
5344;3
5345;-7.949
5346;0
5347;3
5348;-68
5349;1
5350;PEG LEGGGGGG!!!!!
5351;-1
5352;4
5353;-3
5354;-81
5355;12
5356;-101
5357;-79
5358;-4
5359;2
5360;-193
5361;-5
5362;0
5363;37
5364;-4
5365;-12
5366;0
5367;3
5368;-3
5369;3
5370;-69
5371;0
5372;-4
5373;0
5374;-96
5375;29
5376;25
5377;27
5378;3
5379;42
5380;-6
5381;0
5382;13
5383;10
5384;-7
5385;32
5386;28
5387;-6
5388;0
5389;-349
5390;31
5391;-4
5392;-127
5393;8
5394;11
5395;0
5396;-17
5397;21
5398;0
5399;-7
5400;-96
5401;2
5402;-90
5403;-2222222222222
5404;0
5405;18
5406;23
5407;-99
5408;-8
5409;-198
5410;0
5411;41
5412;-14
5413;-13
5414;-95
5415;-100
5416;1
5417;-84
5418;9
5419;-2
5420;30.051
5421;-89
5422;-2
5423;-4
5424;9
5425;PEG LEGGGGGG!!!!!
5426;-93
5427;-9
5428;24
5429;6
5430;-2
5431;1
5432;21
5433;16
5434;-3
5435;-1
5436;-6
5437;24
5438;-5
5439;2
5440;0
5441;-113
5442;3
5443;30
5444;-8
5445;-1
5446;-7
5447;-1
5448;-85
5449;-7
5450;0
5451;25
5452;14
5453;2
5454;24
5455;15
5456;-95
5457;-97
5458;3
5459;0
5460;6
5461;39
5462;-2
5463;1
5464;21
5465;2
5466;3
5467;34
5468;10
5469;12
5470;20
5471;1
5472;7
5473;7
5474;-132
5475;-118
5476;-50
5477;7
5478;-9999990
5479;1
5480;-1
5481;9
5482;-2
5483;-117
5484;-199
5485;1
5486;-111
5487;3
5488;24
5489;-1
5490;-1
5491;33
5492;-9
5493;4
5494;-2
5495;-6.949
5496;17
5497;-5
5498;-70
5499;-211
5500;PEG LEGGGGGG!!!!!
5501;-198
5502;15
5503;-122
5504;52
5505;-11
5506;12
5507;6
5508;36
5509;18
5510;-1
5511;-1
5512;-7
5513;21
5514;-5
5515;-100
5516;0
5517;9
5518;-11
5519;-24
5520;9
5521;20
5522;16
5523;4
5524;0
5525;-100
5526;-3
5527;3
5528;0
5529;51
5530;1
5531;32
5532;-20
5533;7
5534;21
5535;-4
5536;-71
5537;4
5538;-1
5539;-6
5540;-7
5541;4
5542;0
5543;68
5544;-9
5545;0
5546;-3
5547;-110
5548;-9
5549;28
5550;0
5551;0
5552;-10
5553;-2222222222222
5554;-105
5555;0
5556;-6
5557;8
5558;-4
5559;-95
5560;5
5561;39
5562;-65
5563;8
5564;48
5565;-2
5566;0
5567;-3
5568;11
5569;-114
5570;-1.949
5571;0
5572;-16
5573;9
5574;11
5575;PEG LEGGGGGG!!!!!
5576;-5
5577;-90
5578;3
5579;46
5580;-107
5581;-1
5582;-201
5583;0
5584;-45
5585;-85
5586;15
5587;-66
5588;9
5589;-8
5590;-94
5591;1
5592;0
5593;19
5594;-1
5595;-3
5596;31
5597;-17
5598;-3
5599;39
5600;-6
5601;-1
5602;-102
5603;-2
5604;13
5605;24
5606;-12
5607;8
5608;23
5609;19
5610;-92
5611;5
5612;22
5613;-7
5614;5
5615;-59
5616;-10
5617;0
5618;22
5619;0
5620;9
5621;-11
5622;-15
5623;15
5624;15
5625;-294
5626;0
5627;-132
5628;11111111111
5629;-91
5630;12
5631;1
5632;-1
5633;42
5634;1
5635;12
5636;-9
5637;28
5638;-5
5639;-3
5640;-66
5641;-1
5642;47
5643;3
5644;0
5645;49.051
5646;22
5647;-5
5648;-6
5649;-86
5650;PEG LEGGGGGG!!!!!
5651;31
5652;-3
5653;17
5654;1
5655;0
5656;39
5657;18
5658;-89
5659;1
5660;13
5661;-92
5662;-34
5663;0
5664;-78
5665;-112
5666;-103
5667;5
5668;-3
5669;29
5670;10
5671;-7
5672;-85
5673;2
5674;-2
5675;4
5676;-20
5677;-20
5678;-99
5679;9
5680;-96
5681;0
5682;16
5683;55
5684;41
5685;15
5686;4
5687;3
5688;20
5689;-40
5690;-11
5691;25
5692;-48
5693;-117
5694;-1
5695;-4
5696;37
5697;-83
5698;0
5699;-101
5700;0
5701;2
5702;5
5703;11111111111
5704;2
5705;4
5706;-1
5707;32
5708;47
5709;58
5710;-7
5711;-9
5712;19
5713;0
5714;-88
5715;-101
5716;-1
5717;-3
5718;0
5719;14
5720;3.051
5721;0
5722;-210
5723;-114
5724;21
5725;PEG LEGGGGGG!!!!!
5726;-1
5727;-170
5728;-65
5729;-7
5730;20
5731;23
5732;29
5733;35
5734;2
5735;-17
5736;28
5737;17
5738;-4
5739;-4
5740;-3
5741;-8
5742;-3
5743;-105
5744;0
5745;0
5746;3
5747;-188
5748;-2
5749;4
5750;-6
5751;14
5752;-1
5753;-4
5754;-15
5755;0
5756;8
5757;-4
5758;13
5759;1
5760;22
5761;9
5762;0
5763;-101
5764;-3
5765;-18
5766;-1
5767;-11
5768;16
5769;-7
5770;7
5771;0
5772;23
5773;-4
5774;15
5775;0
5776;-3
5777;20
5778;11111111111
5779;6
5780;41
5781;2
5782;2
5783;-105
5784;-178
5785;15
5786;-4
5787;-102
5788;0
5789;21
5790;2
5791;-76
5792;-8
5793;-15
5794;9
5795;-93.949
5796;12
5797;0
5798;17
5799;15
5800;PEG LEGGGGGG!!!!!
5801;0
5802;0
5803;7
5804;-2
5805;0
5806;12
5807;5
5808;0
5809;-8
5810;17
5811;13
5812;0
5813;5
5814;-97
5815;-187
5816;2
5817;15
5818;-1
5819;-1
5820;0
5821;0
5822;15
5823;13
5824;-11
5825;-110
5826;-88
5827;9
5828;-20
5829;0
5830;0
5831;-141
5832;-19
5833;-11
5834;-96
5835;13
5836;-17
5837;-6
5838;0
5839;27
5840;-11
5841;-27
5842;10
5843;16
5844;1
5845;0
5846;0
5847;0
5848;-107
5849;-116
5850;81
5851;0
5852;18
5853;-2222222222222
5854;-9
5855;1
5856;3
5857;28
5858;0
5859;10
5860;-93
5861;-9
5862;59
5863;-1
5864;-16
5865;2
5866;0
5867;-23
5868;1
5869;-4
5870;-140.949
5871;-1
5872;14
5873;-55
5874;19
5875;PEG LEGGGGGG!!!!!
5876;0
5877;-54
5878;-92
5879;25
5880;32
5881;0
5882;-94
5883;-9
5884;-91
5885;-3
5886;-3
5887;-5
5888;-9
5889;-100
5890;1
5891;-277
5892;-5
5893;15
5894;-190
5895;0
5896;6
5897;-8
5898;-100
5899;-5
5900;-6
5901;-6
5902;-27
5903;-95
5904;14
5905;-2
5906;-17
5907;32
5908;0
5909;0
5910;0
5911;-17
5912;0
5913;-8
5914;-85
5915;32
5916;-99
5917;78
5918;-49
5919;-3
5920;-73
5921;12
5922;-8
5923;6
5924;-96
5925;6
5926;1
5927;8
5928;-2222222222222
5929;-2
5930;-4
5931;-1
5932;-94
5933;-3
5934;0
5935;-101
5936;-87
5937;-103
5938;0
5939;31
5940;13
5941;6
5942;28
5943;-95
5944;2
5945;6.051
5946;-1
5947;12
5948;32
5949;0
5950;PEG LEGGGGGG!!!!!
5951;-81
5952;-44
5953;1
5954;-103
5955;-15
5956;23
5957;0
5958;0
5959;10
5960;-1
5961;-9
5962;-3
5963;9
5964;-14
5965;0
5966;12
5967;-208
5968;27
5969;-3
5970;4
5971;-3
5972;0
5973;12
5974;-1
5975;-57
5976;-4
5977;-5
5978;5
5979;4
5980;10
5981;-102
5982;-5
5983;26
5984;-1
5985;1
5986;17
5987;-5
5988;-7
5989;4
5990;19
5991;-86
5992;0
5993;-126
5994;41
5995;-9
5996;7
5997;-2
5998;16
5999;-2
6000;-200
6001;0
6002;-16
6003;-9999990
6004;-103
6005;9
6006;0
6007;-8
6008;-85
6009;-7
6010;0
6011;24
6012;18
6013;-98
6014;26
6015;0
6016;-159
6017;5
6018;8
6019;23
6020;-0.949
6021;-5
6022;0
6023;1
6024;-12
6025;PEG LEGGGGGG!!!!!
6026;0
6027;0
6028;10
6029;-2
6030;3
6031;-73
6032;-93
6033;-114
6034;-23
6035;24
6036;-109
6037;-84
6038;26
6039;0
6040;-3
6041;-5
6042;49
6043;-14
6044;-8
6045;2
6046;24
6047;-8
6048;-2
6049;-3
6050;-3
6051;-6
6052;-118
6053;-3
6054;11
6055;-4
6056;12
6057;-5
6058;0
6059;-8
6060;-3
6061;10
6062;-28
6063;-3
6064;-2
6065;-83
6066;-4
6067;-10
6068;2
6069;-7
6070;-9
6071;-8
6072;38
6073;9
6074;-91
6075;-103
6076;6
6077;1
6078;-9999990
6079;5
6080;-6
6081;-104
6082;4
6083;-40
6084;20
6085;23
6086;-1
6087;-108
6088;-8
6089;-103
6090;-1
6091;16
6092;-61
6093;11
6094;0
6095;11.051
6096;21
6097;4
6098;18
6099;-14
6100;PEG LEGGGGGG!!!!!
6101;0
6102;19
6103;-87
6104;-120
6105;5
6106;-1
6107;14
6108;2
6109;1
6110;12
6111;3
6112;8
6113;-101
6114;-4
6115;-71
6116;31
6117;5
6118;-14
6119;-11
6120;-140
6121;48
6122;9
6123;-2
6124;-108
6125;-102
6126;-2
6127;-26
6128;-3
6129;12
6130;-90
6131;-61
6132;17
6133;-227
6134;-23
6135;-6
6136;0
6137;4
6138;16
6139;-78
6140;-2
6141;4
6142;-11
6143;-4
6144;3
6145;0
6146;0
6147;-1
6148;1
6149;-5
6150;6
6151;-310
6152;9
6153;-2222222222222
6154;-89
6155;-61
6156;12
6157;-66
6158;15
6159;1
6160;24
6161;-2
6162;10
6163;-4
6164;2
6165;24
6166;7
6167;10
6168;4
6169;-20
6170;7.051
6171;12
6172;1
6173;3
6174;-64
6175;PEG LEGGGGGG!!!!!
6176;-2
6177;20
6178;-115
6179;-6
6180;3
6181;-71
6182;-108
6183;-2
6184;-3
6185;-6
6186;-78
6187;2
6188;-6
6189;-3
6190;-2
6191;11
6192;-1
6193;24
6194;33
6195;-3
6196;-20
6197;11
6198;-11
6199;-45
6200;17
6201;0
6202;-8
6203;-5
6204;-24
6205;-1
6206;7
6207;2
6208;-91
6209;10
6210;7
6211;10
6212;102
6213;3
6214;-4
6215;0
6216;-4
6217;35
6218;0
6219;20
6220;-5
6221;0
6222;-3
6223;5
6224;-2
6225;9
6226;-98
6227;-6
6228;11111111111
6229;-4
6230;0
6231;-16
6232;28
6233;-14
6234;0
6235;17
6236;38
6237;-192
6238;0
6239;-6
6240;-6
6241;-202
6242;-16
6243;11
6244;-3
6245;-0.949
6246;5
6247;31
6248;4
6249;39
6250;PEG LEGGGGGG!!!!!
6251;-39
6252;-222
6253;-30
6254;-202
6255;-4
6256;-108
6257;-1
6258;9
6259;-122
6260;0
6261;25
6262;43
6263;-77
6264;23
6265;4
6266;-107
6267;0
6268;24
6269;-85
6270;-71
6271;21
6272;37
6273;-13
6274;34
6275;-115
6276;0
6277;10
6278;0
6279;30
6280;-77
6281;-8
6282;-24
6283;0
6284;0
6285;-3
6286;-83
6287;-3
6288;17
6289;1
6290;-7
6291;2
6292;14
6293;4
6294;-8
6295;7
6296;14
6297;6
6298;-8
6299;15
6300;-4
6301;32
6302;36
6303;11111111111
6304;8
6305;-2
6306;5
6307;-82
6308;42
6309;-6
6310;-5
6311;15
6312;17
6313;2
6314;12
6315;0
6316;0
6317;9
6318;-122
6319;-76
6320;3.051
6321;4
6322;18
6323;-25
6324;4
6325;PEG LEGGGGGG!!!!!
6326;-102
6327;-5
6328;6
6329;-8
6330;-3
6331;-8
6332;9
6333;9
6334;-107
6335;0
6336;-126
6337;-78
6338;13
6339;-5
6340;-12
6341;-339
6342;14
6343;13
6344;27
6345;19
6346;-7
6347;0
6348;14
6349;18
6350;-1
6351;-115
6352;-9
6353;-11
6354;-11
6355;-100
6356;26
6357;0
6358;-11
6359;-5
6360;4
6361;9
6362;0
6363;0
6364;4
6365;-6
6366;36
6367;-1
6368;-4
6369;31
6370;-94
6371;-4
6372;19
6373;-5
6374;-103
6375;0
6376;30
6377;6
6378;11111111111
6379;-3
6380;-159
6381;0
6382;17
6383;29
6384;-8
6385;-3
6386;-58
6387;4
6388;17
6389;-19
6390;-56
6391;-8
6392;-19
6393;18
6394;0
6395;-1.949
6396;-86
6397;-1
6398;-10
6399;6
6400;PEG LEGGGGGG!!!!!
6401;-10
6402;2
6403;19
6404;8
6405;-1
6406;13
6407;-1
6408;4
6409;0
6410;24
6411;37
6412;7
6413;3
6414;-7
6415;-10
6416;-162
6417;0
6418;-9
6419;-5
6420;0
6421;0
6422;-7
6423;0
6424;0
6425;22
6426;-22
6427;-23
6428;-207
6429;-3
6430;9
6431;1
6432;16
6433;14
6434;16
6435;4
6436;-181
6437;-4
6438;1
6439;10
6440;6
6441;0
6442;-34
6443;5
6444;-75
6445;-8
6446;15
6447;0
6448;55
6449;-103
6450;0
6451;-10
6452;3
6453;-9999990
6454;88
6455;-15
6456;-1
6457;3
6458;13
6459;2
6460;7
6461;-90
6462;2
6463;-14
6464;-24
6465;9
6466;-2
6467;-21
6468;-6
6469;15
6470;-9.949
6471;12
6472;-5
6473;0
6474;-7
6475;PEG LEGGGGGG!!!!!
6476;0
6477;-2
6478;-74
6479;-11
6480;15
6481;2
6482;19
6483;-93
6484;-2
6485;-188
6486;-3
6487;-102
6488;-8
6489;2
6490;8
6491;-93
6492;0
6493;35
6494;10
6495;6
6496;7
6497;-10
6498;0
6499;19
6500;-21
6501;4
6502;-22
6503;12
6504;-82
6505;11
6506;28
6507;-30
6508;-3
6509;-97
6510;-1
6511;-12
6512;0
6513;-11
6514;0
6515;-10
6516;-3
6517;1
6518;7
6519;-8
6520;8
6521;-26
6522;-111
6523;-98
6524;37
6525;6
6526;-2
6527;-2
6528;11111111111
6529;-2
6530;-1
6531;0
6532;-41
6533;-1
6534;-19
6535;39
6536;13
6537;1
6538;-272
6539;-112
6540;2
6541;13
6542;-83
6543;0
6544;0
6545;-67.949
6546;-11
6547;19
6548;-19
6549;0
6550;PEG LEGGGGGG!!!!!
6551;-78
6552;17
6553;0
6554;0
6555;2
6556;32
6557;-9
6558;-2
6559;-6
6560;5
6561;22
6562;-9
6563;6
6564;4
6565;4
6566;3
6567;0
6568;-16
6569;-95
6570;11
6571;18
6572;2
6573;2
6574;-1
6575;-97
6576;8
6577;1
6578;17
6579;-4
6580;-105
6581;16
6582;-64
6583;13
6584;0
6585;5
6586;5
6587;13
6588;4
6589;-4
6590;14
6591;-99
6592;9
6593;3
6594;-4
6595;-3
6596;-3
6597;0
6598;-201
6599;-81
6600;-1
6601;-2
6602;60
6603;-2222222222222
6604;16
6605;12
6606;7
6607;-1
6608;-83
6609;1
6610;22
6611;-43
6612;1
6613;20
6614;-10
6615;35
6616;4
6617;-2
6618;8
6619;-6
6620;0.051
6621;-6
6622;-10
6623;-106
6624;2
6625;PEG LEGGGGGG!!!!!
6626;15
6627;4
6628;0
6629;17
6630;-70
6631;0
6632;9
6633;-13
6634;8
6635;21
6636;-2
6637;10
6638;13
6639;-1
6640;2
6641;-3
6642;-10
6643;-21
6644;8
6645;9
6646;-1
6647;0
6648;8
6649;12
6650;-15
6651;-68
6652;25
6653;-44
6654;-120
6655;1
6656;-92
6657;17
6658;19
6659;-80
6660;0
6661;-65
6662;-17
6663;9
6664;-1
6665;-4
6666;62
6667;16
6668;-65
6669;43
6670;-3
6671;-2
6672;2
6673;5
6674;15
6675;39
6676;5
6677;-1
6678;-9999990
6679;27
6680;-1
6681;51
6682;-4
6683;2
6684;29
6685;9
6686;-6
6687;0
6688;19
6689;0
6690;-7
6691;0
6692;-210
6693;84
6694;3
6695;-0.949
6696;-89
6697;4
6698;-3
6699;35
6700;PEG LEGGGGGG!!!!!
6701;-17
6702;0
6703;13
6704;2
6705;4
6706;-6
6707;0
6708;-4
6709;-8
6710;-1
6711;-8
6712;10
6713;42
6714;12
6715;-3
6716;32
6717;-11
6718;4
6719;-9
6720;3
6721;-6
6722;0
6723;18
6724;16
6725;-5
6726;41
6727;0
6728;-100
6729;-18
6730;-8
6731;0
6732;-87
6733;3
6734;4
6735;-99
6736;-2
6737;-15
6738;29
6739;2
6740;0
6741;-1
6742;-12
6743;-9
6744;-2
6745;-7
6746;8
6747;-2
6748;4
6749;33
6750;-10
6751;-97
6752;-194
6753;-9999990
6754;11
6755;-2
6756;33
6757;15
6758;-8
6759;-62
6760;0
6761;-73
6762;-81
6763;13
6764;33
6765;-95
6766;-9
6767;17
6768;-185
6769;-8
6770;28.051
6771;-1
6772;19
6773;-6
6774;9
6775;PEG LEGGGGGG!!!!!
6776;0
6777;38
6778;4
6779;8
6780;-2
6781;-97
6782;12
6783;0
6784;64
6785;-89
6786;11
6787;0
6788;4
6789;0
6790;-101
6791;14
6792;-4
6793;0
6794;-2
6795;-1
6796;-1
6797;2
6798;6
6799;0
6800;10
6801;-7
6802;-42
6803;-33
6804;-8
6805;-3
6806;20
6807;-104
6808;10
6809;29
6810;-3
6811;15
6812;-89
6813;29
6814;15
6815;11
6816;0
6817;-73
6818;13
6819;8
6820;-13
6821;-14
6822;4
6823;27
6824;21
6825;0
6826;41
6827;21
6828;11111111111
6829;16
6830;20
6831;-41
6832;-8
6833;2
6834;-4
6835;-1
6836;41
6837;0
6838;2
6839;0
6840;-102
6841;-3
6842;-198
6843;28
6844;0
6845;36.051
6846;36
6847;108
6848;0
6849;27
6850;PEG LEGGGGGG!!!!!
6851;17
6852;0
6853;-16
6854;-47
6855;30
6856;33
6857;17
6858;-20
6859;9
6860;-99
6861;-3
6862;-107
6863;0
6864;45
6865;4
6866;1
6867;1
6868;27
6869;16
6870;10
6871;22
6872;20
6873;-9
6874;35
6875;-3
6876;4
6877;-12
6878;22
6879;41
6880;-20
6881;-13
6882;-1
6883;25
6884;-3
6885;-7
6886;-72
6887;38
6888;14
6889;17
6890;-73
6891;-2
6892;16
6893;-14
6894;-76
6895;-16
6896;0
6897;-63
6898;0
6899;-7
6900;0
6901;-4
6902;10
6903;-9999990
6904;-2
6905;10
6906;15
6907;-82
6908;18
6909;13
6910;-16
6911;-33
6912;0
6913;-105
6914;0
6915;-5
6916;7
6917;15
6918;-5
6919;-96
6920;0.051
6921;18
6922;-16
6923;0
6924;-10
6925;PEG LEGGGGGG!!!!!
6926;1
6927;-196
6928;8
6929;-58
6930;-8
6931;-1
6932;-1
6933;23
6934;5
6935;-18
6936;5
6937;3
6938;20
6939;-8
6940;-2
6941;-41
6942;2
6943;0
6944;5
6945;19
6946;0
6947;2
6948;-3
6949;0
6950;0
6951;34
6952;79
6953;-4
6954;0
6955;-2
6956;18
6957;6
6958;-4
6959;-81
6960;-7
6961;-2
6962;-10
6963;27
6964;-3
6965;-121
6966;0
6967;5
6968;15
6969;8
6970;8
6971;26
6972;-5
6973;-16
6974;15
6975;6
6976;8
6977;-113
6978;11111111111
6979;-4
6980;-110
6981;-2
6982;0
6983;-100
6984;-15
6985;1
6986;8
6987;0
6988;-71
6989;-21
6990;-8
6991;5
6992;75
6993;11
6994;-29
6995;9.051
6996;1
6997;23
6998;33
6999;6
7000;PEG LEGGGGGG!!!!!
7001;-85
7002;3
7003;17
7004;0
7005;-101
7006;6
7007;-2
7008;-7
7009;-8
7010;-1
7011;-158
7012;-8
7013;-102
7014;-5
7015;-115
7016;-103
7017;0
7018;0
7019;22
7020;0
7021;-1
7022;-9
7023;10
7024;-102
7025;4
7026;20
7027;9
7028;4
7029;-3
7030;39
7031;-6
7032;4
7033;-74
7034;2
7035;-2
7036;-3
7037;-76
7038;-3
7039;-5
7040;20
7041;0
7042;9
7043;7
7044;15
7045;24
7046;0
7047;26
7048;7
7049;14
7050;-9
7051;-21
7052;-2
7053;-2222222222222
7054;-10
7055;-16
7056;0
7057;-190
7058;9
7059;-15
7060;-174
7061;-4
7062;-5
7063;9
7064;-84
7065;-84
7066;14
7067;-6
7068;0
7069;21
7070;-10.949
7071;-4
7072;-2
7073;-20
7074;-100
7075;PEG LEGGGGGG!!!!!
7076;13
7077;-2
7078;11
7079;12
7080;-4
7081;3
7082;-107
7083;-200
7084;-103
7085;3
7086;-4
7087;5
7088;4
7089;11
7090;-6
7091;0
7092;-5
7093;31
7094;-5
7095;-59
7096;-3
7097;0
7098;-4
7099;-106
7100;-1
7101;19
7102;-7
7103;-5
7104;0
7105;-8
7106;-5
7107;-321
7108;-93
7109;8
7110;11
7111;8
7112;-10
7113;-1
7114;0
7115;-178
7116;-4
7117;-53
7118;5
7119;-203
7120;-103
7121;53
7122;77
7123;-1
7124;-209
7125;14
7126;38
7127;3
7128;11111111111
7129;-9
7130;3
7131;-107
7132;12
7133;20
7134;5
7135;-83
7136;-92
7137;0
7138;4
7139;-112
7140;52
7141;-83
7142;0
7143;-3
7144;-93
7145;-0.949
7146;-63
7147;-88
7148;3
7149;-17
7150;PEG LEGGGGGG!!!!!
7151;17
7152;-6
7153;29
7154;-96
7155;3
7156;-3
7157;-2
7158;-221
7159;0
7160;-102
7161;0
7162;-3
7163;0
7164;0
7165;-77
7166;25
7167;36
7168;-99
7169;-3
7170;12
7171;1
7172;26
7173;9
7174;2
7175;16
7176;5
7177;0
7178;5
7179;-171
7180;3
7181;0
7182;44
7183;-2
7184;0
7185;-3
7186;-17
7187;-33
7188;3
7189;19
7190;-90
7191;12
7192;-67
7193;-3
7194;22
7195;-113
7196;49
7197;37
7198;23
7199;12
7200;8
7201;26
7202;-56
7203;-9999990
7204;-1
7205;30
7206;-84
7207;-50
7208;-8
7209;-85
7210;1
7211;-71
7212;-43
7213;-25
7214;-14
7215;15
7216;-235
7217;28
7218;-17
7219;0
7220;0.051
7221;-110
7222;8
7223;-5
7224;3
7225;PEG LEGGGGGG!!!!!
7226;-8
7227;77
7228;1
7229;-118
7230;-92
7231;-132
7232;-93
7233;8
7234;30
7235;0
7236;12
7237;4
7238;20
7239;4
7240;4
7241;3
7242;1
7243;0
7244;15
7245;-9
7246;6
7247;42
7248;15
7249;2
7250;9
7251;3
7252;22
7253;6
7254;-6
7255;9
7256;-1
7257;-19
7258;2
7259;16
7260;17
7261;-5
7262;11
7263;-3
7264;0
7265;-128
7266;9
7267;-1
7268;-113
7269;-11
7270;5
7271;10
7272;15
7273;57
7274;14
7275;0
7276;2
7277;1
7278;-9999990
7279;-3
7280;7
7281;-98
7282;-2
7283;0
7284;-5
7285;60
7286;-82
7287;17
7288;-7
7289;21
7290;-99
7291;-413
7292;-3
7293;9
7294;-2
7295;-0.949
7296;2
7297;-31
7298;5
7299;6
7300;PEG LEGGGGGG!!!!!
7301;1
7302;-10
7303;16
7304;10
7305;8
7306;12
7307;-8
7308;2
7309;-5
7310;-97
7311;-13
7312;0
7313;-70
7314;-12
7315;-69
7316;-19
7317;-11
7318;-81
7319;-82
7320;-8
7321;-85
7322;-47
7323;22
7324;-97
7325;-212
7326;13
7327;2
7328;-5
7329;-20
7330;4
7331;0
7332;12
7333;-86
7334;6
7335;28
7336;24
7337;0
7338;-260
7339;-5
7340;-3
7341;-13
7342;-2
7343;-10
7344;-71
7345;0
7346;32
7347;6
7348;-2
7349;-84
7350;8
7351;6
7352;-76
7353;11111111111
7354;4
7355;4
7356;-13
7357;0
7358;-1
7359;35
7360;-17
7361;-77
7362;-2
7363;-5
7364;-94
7365;-11
7366;40
7367;3
7368;2
7369;27
7370;-89.949
7371;-62
7372;-8
7373;-80
7374;0
7375;PEG LEGGGGGG!!!!!
7376;51
7377;13
7378;-114
7379;22
7380;0
7381;18
7382;20
7383;-6
7384;5
7385;42
7386;0
7387;45
7388;0
7389;5
7390;10
7391;-8
7392;7
7393;25
7394;-12
7395;2
7396;0
7397;-8
7398;9
7399;22
7400;-88
7401;-5
7402;-224
7403;5
7404;2
7405;-1
7406;39
7407;1
7408;-188
7409;25
7410;18
7411;33
7412;31
7413;-88
7414;-8
7415;-1
7416;22
7417;2
7418;0
7419;-2
7420;-10
7421;21
7422;-93
7423;16
7424;7
7425;-18
7426;-14
7427;0
7428;11111111111
7429;8
7430;1
7431;0
7432;20
7433;1
7434;1
7435;-3
7436;5
7437;58
7438;13
7439;10
7440;6
7441;17
7442;8
7443;-123
7444;15
7445;-99.949
7446;1
7447;5
7448;-1
7449;-2
7450;PEG LEGGGGGG!!!!!
7451;-315
7452;-101
7453;-15
7454;65
7455;-107
7456;-29
7457;71
7458;5
7459;-112
7460;-24
7461;-91
7462;0
7463;18
7464;-72
7465;0
7466;0
7467;-10
7468;-88
7469;-82
7470;8
7471;-17
7472;11
7473;-5
7474;44
7475;-12
7476;-2
7477;5
7478;-1
7479;-5
7480;11
7481;-1
7482;-11
7483;13
7484;-111
7485;-27
7486;-1
7487;3
7488;-63
7489;2
7490;-5
7491;-10
7492;-2
7493;6
7494;11
7495;-19
7496;30
7497;6
7498;46
7499;-215
7500;22
7501;-25
7502;-6
7503;-9999990
7504;0
7505;9
7506;18
7507;-3
7508;27
7509;-1
7510;-9
7511;-103
7512;16
7513;-11
7514;4
7515;61
7516;14
7517;-5
7518;4
7519;-4
7520;5.051
7521;11
7522;-4
7523;-100
7524;-83
7525;PEG LEGGGGGG!!!!!
7526;-4
7527;-4
7528;40
7529;0
7530;3
7531;-4
7532;-3
7533;27
7534;14
7535;8
7536;0
7537;0
7538;-12
7539;6
7540;9
7541;-2
7542;47
7543;-72
7544;-3
7545;0
7546;2
7547;17
7548;12
7549;9
7550;-39
7551;-97
7552;20
7553;12
7554;0
7555;12
7556;-19
7557;1
7558;0
7559;-65
7560;4
7561;-56
7562;4
7563;27
7564;-6
7565;-13
7566;13
7567;13
7568;-7
7569;5
7570;80
7571;-28
7572;-2
7573;-6
7574;-175
7575;34
7576;-9
7577;-67
7578;-9999990
7579;16
7580;-3
7581;-1
7582;27
7583;0
7584;-77
7585;11
7586;18
7587;-72
7588;9
7589;4
7590;-113
7591;-96
7592;-1
7593;-2
7594;-88
7595;-5.949
7596;19
7597;-16
7598;-99
7599;12
7600;PEG LEGGGGGG!!!!!
7601;-83
7602;0
7603;-100
7604;-7
7605;7
7606;13
7607;-65
7608;6
7609;7
7610;20
7611;-20
7612;24
7613;-110
7614;-17
7615;31
7616;6
7617;40
7618;15
7619;-181
7620;-1
7621;-115
7622;4
7623;0
7624;-12
7625;39
7626;-2
7627;15
7628;-3
7629;-15
7630;0
7631;2
7632;13
7633;-102
7634;-203
7635;-129
7636;2
7637;1
7638;-1
7639;0
7640;11
7641;-12
7642;0
7643;-1
7644;23
7645;-14
7646;0
7647;1
7648;-2
7649;-114
7650;0
7651;-4
7652;12
7653;-9999990
7654;31
7655;-115
7656;-99
7657;-14
7658;14
7659;9
7660;4
7661;15
7662;-8
7663;-5
7664;-103
7665;-10
7666;-3
7667;0
7668;-21
7669;-111
7670;3.051
7671;-4
7672;12
7673;-211
7674;-6
7675;PEG LEGGGGGG!!!!!
7676;-5
7677;22
7678;2
7679;15
7680;-217
7681;-1
7682;-12
7683;10
7684;-77
7685;-3
7686;-2
7687;5
7688;-306
7689;-1
7690;-244
7691;-8
7692;0
7693;-6
7694;-2
7695;0
7696;41
7697;-187
7698;4
7699;-6
7700;13
7701;-106
7702;-92
7703;-14
7704;3
7705;3
7706;-1
7707;19
7708;8
7709;-42
7710;12
7711;5
7712;-2
7713;11
7714;-110
7715;15
7716;21
7717;6
7718;-85
7719;28
7720;-10
7721;-13
7722;-4
7723;5
7724;0
7725;-6
7726;-15
7727;5
7728;-9999990
7729;0
7730;3
7731;0
7732;0
7733;-80
7734;-10
7735;-133
7736;15
7737;-3
7738;33
7739;-6
7740;13
7741;-1
7742;-13
7743;4
7744;0
7745;3.051
7746;25
7747;2
7748;38
7749;18
7750;PEG LEGGGGGG!!!!!
7751;12
7752;-12
7753;0
7754;7
7755;0
7756;2
7757;-50
7758;0
7759;33
7760;21
7761;-3
7762;-5
7763;-100
7764;40
7765;-72
7766;-7
7767;-25
7768;1
7769;5
7770;0
7771;27
7772;-46
7773;-52
7774;-277
7775;24
7776;-4
7777;1
7778;11
7779;11
7780;-8
7781;-97
7782;-105
7783;-1
7784;-3
7785;-194
7786;-27
7787;12
7788;-104
7789;0
7790;41
7791;-5
7792;4
7793;0
7794;6
7795;53
7796;0
7797;-11
7798;-8
7799;-67
7800;0
7801;4
7802;-98
7803;-2222222222222
7804;10
7805;-78
7806;36
7807;0
7808;-12
7809;-10
7810;4
7811;21
7812;-85
7813;16
7814;-14
7815;22
7816;1
7817;2
7818;12
7819;38
7820;2.051
7821;11
7822;-9
7823;76
7824;0
7825;PEG LEGGGGGG!!!!!
7826;2
7827;26
7828;-1
7829;0
7830;-4
7831;10
7832;-15
7833;-16
7834;5
7835;-13
7836;5
7837;0
7838;0
7839;28
7840;-1
7841;7
7842;-9
7843;13
7844;0
7845;6
7846;1
7847;38
7848;-197
7849;-110
7850;-10
7851;0
7852;29
7853;12
7854;12
7855;-205
7856;18
7857;4
7858;19
7859;4
7860;0
7861;-8
7862;12
7863;-9
7864;-3
7865;-107
7866;12
7867;2
7868;15
7869;5
7870;-78
7871;30
7872;-12
7873;19
7874;6
7875;-26
7876;0
7877;0
7878;11111111111
7879;-96
7880;13
7881;10
7882;13
7883;15
7884;13
7885;-182
7886;-1
7887;10
7888;-4
7889;-179
7890;-7
7891;2
7892;-100
7893;15
7894;71
7895;-2.949
7896;13
7897;6
7898;-2
7899;-4
7900;PEG LEGGGGGG!!!!!
7901;8
7902;15
7903;-4
7904;1
7905;39
7906;4
7907;13
7908;15
7909;1
7910;-2
7911;0
7912;-5
7913;-1
7914;-7
7915;-4
7916;-67
7917;21
7918;-7
7919;61
7920;13
7921;-14
7922;-83
7923;-3
7924;-2
7925;-3
7926;-11
7927;-185
7928;-80
7929;15
7930;3
7931;0
7932;-398
7933;6
7934;3
7935;-9
7936;7
7937;4
7938;-80
7939;14
7940;6
7941;50
7942;0
7943;-265
7944;4
7945;-93
7946;-120
7947;-3
7948;-118
7949;-1
7950;-12
7951;-5
7952;2
7953;-9999990
7954;21
7955;-1
7956;-120
7957;-17
7958;-3
7959;1
7960;-3
7961;1
7962;-105
7963;17
7964;-8
7965;-3
7966;0
7967;10
7968;-10
7969;-12
7970;2.051
7971;36
7972;4
7973;-3
7974;-30
7975;PEG LEGGGGGG!!!!!
7976;-82
7977;-3
7978;17
7979;0
7980;43
7981;-1
7982;-17
7983;10
7984;-4
7985;19
7986;-83
7987;10
7988;1
7989;4
7990;3
7991;10
7992;6
7993;1
7994;-103
7995;-59
7996;-96
7997;-205
7998;28
7999;2
8000;-119
8001;0
8002;-165
8003;2
8004;-117
8005;-2
8006;-17
8007;4
8008;10
8009;-63
8010;-1
8011;-3
8012;4
8013;-8
8014;46
8015;4
8016;-87
8017;-177
8018;0
8019;-2
8020;-6
8021;-5
8022;-6
8023;26
8024;-201
8025;2
8026;-107
8027;-1
8028;-9999990
8029;-7
8030;0
8031;68
8032;6
8033;-9
8034;27
8035;-1
8036;-409
8037;-6
8038;-4
8039;-230
8040;1
8041;-4
8042;-96
8043;9
8044;0
8045;30.051
8046;15
8047;86
8048;-10
8049;-103
8050;PEG LEGGGGGG!!!!!
8051;0
8052;30
8053;26
8054;8
8055;24
8056;-8
8057;1
8058;0
8059;-10
8060;7
8061;-7
8062;12
8063;-5
8064;71
8065;14
8066;0
8067;-85
8068;26
8069;4
8070;0
8071;28
8072;3
8073;1
8074;13
8075;-6
8076;-5
8077;-96
8078;0
8079;2
8080;-3
8081;-1
8082;13
8083;-6
8084;11
8085;8
8086;0
8087;17
8088;-70
8089;-6
8090;-173
8091;56
8092;0
8093;17
8094;-74
8095;8
8096;-2
8097;-25
8098;0
8099;-5
8100;-57
8101;-79
8102;10
8103;-9999990
8104;10
8105;3
8106;-103
8107;52
8108;8
8109;-81
8110;-19
8111;2
8112;-27
8113;-2
8114;-118
8115;0
8116;-17
8117;-86
8118;-5
8119;-82
8120;16.051
8121;17
8122;7
8123;1
8124;10
8125;PEG LEGGGGGG!!!!!
8126;-5
8127;-98
8128;-11
8129;-3
8130;0
8131;26
8132;17
8133;-48
8134;17
8135;-2
8136;16
8137;29
8138;-12
8139;0
8140;0
8141;-3
8142;-7
8143;-6
8144;-3
8145;0
8146;-27
8147;-6
8148;1
8149;-5
8150;-69
8151;-5
8152;9
8153;6
8154;-1
8155;-46
8156;-8
8157;3
8158;-2
8159;61
8160;-112
8161;9
8162;-86
8163;46
8164;43
8165;-2
8166;24
8167;4
8168;-5
8169;2
8170;0
8171;-7
8172;-8
8173;14
8174;12
8175;-30
8176;-5
8177;36
8178;11111111111
8179;-8
8180;-16
8181;0
8182;-83
8183;-70
8184;42
8185;39
8186;-2
8187;-89
8188;-169
8189;9
8190;0
8191;0
8192;0
8193;2
8194;-2
8195;-14.949
8196;-8
8197;3
8198;-83
8199;-112
8200;PEG LEGGGGGG!!!!!
8201;-1
8202;9
8203;87
8204;-106
8205;6
8206;-14
8207;12
8208;2
8209;-3
8210;9
8211;-4
8212;2
8213;14
8214;2
8215;2
8216;-2
8217;-100
8218;0
8219;0
8220;-1
8221;-6
8222;-7
8223;10
8224;13
8225;-4
8226;-1
8227;-6
8228;-323
8229;-99
8230;-101
8231;-11
8232;1
8233;-3
8234;-113
8235;-5
8236;21
8237;14
8238;17
8239;0
8240;0
8241;6
8242;0
8243;-61
8244;3
8245;9
8246;5
8247;18
8248;-84
8249;11
8250;-3
8251;-110
8252;-13
8253;-9999990
8254;-2
8255;0
8256;2
8257;-13
8258;-2
8259;0
8260;9
8261;-1
8262;-14
8263;14
8264;18
8265;0
8266;-101
8267;2
8268;2
8269;-20
8270;13.051
8271;3
8272;7
8273;-2
8274;-114
8275;PEG LEGGGGGG!!!!!
8276;-116
8277;13
8278;-91
8279;-5
8280;-57
8281;-4
8282;46
8283;10
8284;21
8285;19
8286;9
8287;-8
8288;49
8289;6
8290;-148
8291;12
8292;-163
8293;6
8294;16
8295;-9
8296;10
8297;-200
8298;0
8299;20
8300;-121
8301;8
8302;-81
8303;8
8304;-9
8305;19
8306;11
8307;-2
8308;0
8309;-63
8310;-42
8311;17
8312;19
8313;11
8314;11
8315;62
8316;-4
8317;28
8318;-101
8319;-9
8320;17
8321;0
8322;-11
8323;42
8324;0
8325;-1
8326;21
8327;-164
8328;11111111111
8329;0
8330;0
8331;67
8332;25
8333;0
8334;-5
8335;-11
8336;2
8337;0
8338;8
8339;3
8340;-6
8341;-104
8342;5
8343;-3
8344;-100
8345;-2.949
8346;18
8347;1
8348;2
8349;-476
8350;PEG LEGGGGGG!!!!!
8351;-20
8352;-201
8353;0
8354;10
8355;15
8356;4
8357;-10
8358;0
8359;-1
8360;-1
8361;1
8362;-6
8363;0
8364;0
8365;-4
8366;-21
8367;42
8368;-83
8369;2
8370;-145
8371;-16
8372;0
8373;-3
8374;-10
8375;25
8376;2
8377;-5
8378;-5
8379;-4
8380;-109
8381;0
8382;-13
8383;28
8384;5
8385;2
8386;37
8387;-68
8388;16
8389;0
8390;0
8391;39
8392;1
8393;0
8394;-4
8395;58
8396;0
8397;-1
8398;8
8399;14
8400;-54
8401;-3
8402;0
8403;11111111111
8404;4
8405;0
8406;-109
8407;4
8408;4
8409;40
8410;1
8411;-84
8412;4
8413;10
8414;11
8415;4
8416;-113
8417;15
8418;16
8419;38
8420;16.051
8421;-82
8422;2
8423;-6
8424;47
8425;PEG LEGGGGGG!!!!!
8426;7
8427;52
8428;5
8429;0
8430;0
8431;61
8432;34
8433;12
8434;-1
8435;1
8436;-174
8437;8
8438;-1
8439;-3
8440;-8
8441;-125
8442;0
8443;10
8444;17
8445;83
8446;-3
8447;-105
8448;-12
8449;-18
8450;31
8451;-7
8452;-2
8453;-5
8454;16
8455;-8
8456;-85
8457;5
8458;15
8459;4
8460;-4
8461;34
8462;9
8463;0
8464;-2
8465;7
8466;-9
8467;-1
8468;0
8469;-92
8470;-73
8471;-16
8472;23
8473;22
8474;0
8475;17
8476;16
8477;0
8478;-9999990
8479;17
8480;8
8481;6
8482;-167
8483;4
8484;-2
8485;9
8486;20
8487;3
8488;6
8489;0
8490;0
8491;-1
8492;-94
8493;-19
8494;-97
8495;-1.949
8496;18
8497;1
8498;-3
8499;19
8500;PEG LEGGGGGG!!!!!
8501;1
8502;1
8503;-1
8504;-15
8505;11
8506;0
8507;-8
8508;60
8509;1
8510;28
8511;61
8512;-108
8513;28
8514;-1
8515;0
8516;15
8517;25
8518;6
8519;7
8520;8
8521;0
8522;-79
8523;19
8524;-11
8525;2
8526;-82
8527;-8
8528;0
8529;19
8530;-5
8531;-78
8532;13
8533;8
8534;-167
8535;2
8536;-8
8537;-9
8538;-9
8539;-113
8540;17
8541;0
8542;4
8543;4
8544;-93
8545;-10
8546;-1
8547;-5
8548;-3
8549;34
8550;-1
8551;28
8552;-14
8553;-2222222222222
8554;13
8555;0
8556;-2
8557;-48
8558;22
8559;-10
8560;-192
8561;10
8562;16
8563;-8
8564;0
8565;16
8566;-68
8567;6
8568;-113
8569;-3
8570;24.051
8571;1
8572;41
8573;-1
8574;20
8575;PEG LEGGGGGG!!!!!
8576;27
8577;-12
8578;-11
8579;-5
8580;-4
8581;0
8582;13
8583;-45
8584;-91
8585;-7
8586;12
8587;62
8588;-88
8589;-75
8590;3
8591;-3
8592;-77
8593;2
8594;13
8595;3
8596;-3
8597;-16
8598;-1
8599;4
8600;1
8601;-12
8602;-11
8603;4
8604;-2
8605;24
8606;23
8607;4
8608;0
8609;-10
8610;-4
8611;-5
8612;-7
8613;-2
8614;-1
8615;-59
8616;-82
8617;1
8618;8
8619;1
8620;16
8621;-167
8622;8
8623;0
8624;8
8625;-24
8626;16
8627;2
8628;-2222222222222
8629;19
8630;0
8631;58
8632;5
8633;11
8634;-2
8635;-108
8636;-98
8637;1
8638;-19
8639;-27
8640;0
8641;-5
8642;-104
8643;32
8644;0
8645;-13.949
8646;-1
8647;-3
8648;-117
8649;35
8650;PEG LEGGGGGG!!!!!
8651;16
8652;17
8653;0
8654;14
8655;-5
8656;27
8657;17
8658;31
8659;-12
8660;7
8661;0
8662;-21
8663;0
8664;38
8665;7
8666;-65
8667;18
8668;-3
8669;-78
8670;45
8671;0
8672;-3
8673;17
8674;8
8675;-13
8676;-8
8677;-24
8678;-57
8679;-2
8680;-104
8681;-12
8682;4
8683;-8
8684;11
8685;-84
8686;0
8687;25
8688;2
8689;0
8690;6
8691;-67
8692;0
8693;-89
8694;-8
8695;-98
8696;-8
8697;15
8698;8
8699;26
8700;26
8701;0
8702;-94
8703;-9999990
8704;2
8705;3
8706;-5
8707;-3
8708;34
8709;-18
8710;-94
8711;-10
8712;-5
8713;0
8714;-100
8715;5
8716;-71
8717;-28
8718;-95
8719;-5
8720;-8.949
8721;32
8722;0
8723;-9
8724;-3
8725;PEG LEGGGGGG!!!!!
8726;-1
8727;9
8728;-88
8729;3
8730;0
8731;17
8732;-10
8733;0
8734;3
8735;81
8736;-3
8737;0
8738;29
8739;-5
8740;12
8741;-2
8742;30
8743;0
8744;-3
8745;-11
8746;-14
8747;37
8748;51
8749;-7
8750;30
8751;-60
8752;0
8753;18
8754;54
8755;-2
8756;13
8757;-58
8758;13
8759;-3
8760;-3
8761;4
8762;5
8763;-2
8764;0
8765;1
8766;-174
8767;26
8768;-11
8769;-12
8770;-9
8771;-117
8772;19
8773;0
8774;0
8775;-24
8776;0
8777;13
8778;11111111111
8779;-1
8780;-16
8781;-16
8782;6
8783;4
8784;0
8785;-104
8786;-23
8787;-112
8788;6
8789;5
8790;-3
8791;-52
8792;2
8793;11
8794;2
8795;40.051
8796;15
8797;-10
8798;9
8799;4
8800;PEG LEGGGGGG!!!!!
8801;-106
8802;-86
8803;-3
8804;12
8805;23
8806;12
8807;0
8808;3
8809;10
8810;0
8811;-72
8812;2
8813;21
8814;-11
8815;4
8816;-4
8817;-1
8818;23
8819;-18
8820;-13
8821;-73
8822;-3
8823;-18
8824;4
8825;-182
8826;-103
8827;-7
8828;-100
8829;0
8830;-18
8831;8
8832;6
8833;20
8834;0
8835;2
8836;-74
8837;-3
8838;21
8839;0
8840;-23
8841;-5
8842;0
8843;2
8844;0
8845;-11
8846;-124
8847;-205
8848;9
8849;15
8850;-79
8851;-2
8852;4
8853;11111111111
8854;-5
8855;40
8856;22
8857;-173
8858;12
8859;-1
8860;59
8861;-7
8862;-6
8863;-6
8864;2
8865;-1
8866;35
8867;-101
8868;22
8869;-2
8870;24.051
8871;-8
8872;-99
8873;0
8874;23
8875;PEG LEGGGGGG!!!!!
8876;-84
8877;15
8878;-5
8879;7
8880;-177
8881;10
8882;7
8883;-5
8884;1
8885;28
8886;-11
8887;-2
8888;-2
8889;43
8890;28
8891;-5
8892;-3
8893;-211
8894;0
8895;-110
8896;-100
8897;0
8898;-63
8899;0
8900;-84
8901;6
8902;39
8903;6
8904;11
8905;23
8906;0
8907;-15
8908;-217
8909;0
8910;22
8911;13
8912;-119
8913;21
8914;-13
8915;-101
8916;18
8917;15
8918;3
8919;10
8920;-3
8921;6
8922;-93
8923;-111
8924;0
8925;-129
8926;-359
8927;-3
8928;11111111111
8929;-1
8930;4
8931;13
8932;-100
8933;-145
8934;-58
8935;-3
8936;-11
8937;-3
8938;14
8939;2
8940;0
8941;12
8942;-5
8943;0
8944;6
8945;-3.949
8946;-215
8947;12
8948;14
8949;-230
8950;PEG LEGGGGGG!!!!!
8951;7
8952;-25
8953;-25
8954;-106
8955;4
8956;12
8957;-5
8958;-121
8959;-102
8960;4
8961;0
8962;8
8963;-14
8964;-87
8965;-6
8966;-9
8967;13
8968;3
8969;1
8970;-65
8971;0
8972;1
8973;0
8974;-9
8975;33
8976;-3
8977;-6
8978;-4
8979;-2
8980;-5
8981;5
8982;-272
8983;-7
8984;0
8985;-1
8986;7
8987;-8
8988;28
8989;-1
8990;-5
8991;13
8992;0
8993;0
8994;-111
8995;14
8996;0
8997;32
8998;4
8999;-3
9000;-110
9001;3
9002;-90
9003;0
9004;0
9005;0
9006;74
9007;0
9008;0
9009;13
9010;10
9011;-51
9012;-19
9013;7
9014;-7
9015;20
9016;-59
9017;0
9018;-16
9019;11
9020;0
9021;0
9022;6
9023;23
9024;-42
9025;41
9026;0
9027;-104
9028;0
9029;66
9030;-20
9031;0
9032;22
9033;13
9034;17
9035;-120
9036;-1
9037;-5
9038;-9
9039;13
9040;18
9041;4
9042;3
9043;-214
9044;-6
9045;12
9046;-30
9047;3
9048;-1
9049;0
9050;2
9051;0
9052;-272
9053;18
9054;-103
9055;12
9056;-12
9057;0
9058;-18
9059;-67
9060;15
9061;22
9062;6
9063;-47
9064;56
9065;7
9066;35
9067;3
9068;-89
9069;-79
9070;-5
9071;4
9072;-2
9073;0
9074;0
9075;-95
9076;0
9077;0
9078;-1
9079;-1
9080;4
9081;5
9082;-86
9083;18
9084;-6
9085;30
9086;0
9087;-113
9088;4
9089;-5
9090;-3
9091;-88
9092;0
9093;24
9094;-1
9095;-2
9096;-13
9097;5
9098;-41
9099;-2
9100;12
9101;-12
9102;0
9103;0
9104;-199
9105;-106
9106;0
9107;-7
9108;14
9109;35
9110;0
9111;2
9112;30
9113;2
9114;-12
9115;-99
9116;1
9117;-3
9118;-93
9119;23
9120;-203
9121;-99
9122;-4
9123;-1
9124;0
9125;-23
9126;-180
9127;-72
9128;-4
9129;-25
9130;0
9131;21
9132;2
9133;23
9134;5
9135;-9
9136;-103
9137;-3
9138;4
9139;-115
9140;36
9141;23
9142;78
9143;-18
9144;18
9145;30
9146;3
9147;15
9148;0
9149;-6
9150;-82
9151;0
9152;-15
9153;12
9154;-105
9155;22
9156;4
9157;4
9158;-5
9159;25
9160;15
9161;-14
9162;-10
9163;1
9164;0
9165;4
9166;-93
9167;0
9168;20
9169;-17
9170;12
9171;-3
9172;-9
9173;31
9174;-4
9175;-92
9176;-4
9177;-110
9178;25
9179;-5
9180;-2
9181;-99
9182;0
9183;24
9184;-6
9185;-60
9186;-212
9187;8
9188;28
9189;-10
9190;6
9191;9
9192;-1
9193;-9
9194;-5
9195;27
9196;-7
9197;-21
9198;3
9199;-9
9200;-4
9201;-195
9202;-15
9203;-97
9204;-53
9205;-55
9206;-4
9207;5
9208;-4
9209;2
9210;0
9211;11
9212;0
9213;-73
9214;-187
9215;-90
9216;48
9217;29
9218;20
9219;13
9220;-13
9221;15
9222;30
9223;-113
9224;-6
9225;16
9226;-5
9227;26
9228;-107
9229;0
9230;4
9231;0
9232;13
9233;46
9234;-15
9235;0
9236;4
9237;-14
9238;-102
9239;1
9240;1
9241;-13
9242;33
9243;14
9244;0
9245;-101
9246;-10
9247;28
9248;-56
9249;-7
9250;14
9251;0
9252;-11
9253;15
9254;-80
9255;0
9256;-12
9257;-91
9258;-62
9259;-8
9260;-13
9261;-32
9262;-6
9263;7
9264;0
9265;-7
9266;-5
9267;0
9268;13
9269;-67
9270;11
9271;-14
9272;-18
9273;-99
9274;-106
9275;36
9276;-7
9277;9
9278;11
9279;39
9280;-30
9281;32
9282;-74
9283;22
9284;-131
9285;3
9286;13
9287;10
9288;71
9289;1
9290;15
9291;11
9292;0
9293;12
9294;-111
9295;43
9296;-18
9297;5
9298;-132
9299;-255
9300;-5
9301;23
9302;1
9303;-5
9304;0
9305;-4
9306;1
9307;11
9308;-71
9309;10
9310;-6
9311;-7
9312;27
9313;-101
9314;-3
9315;-116
9316;-4
9317;0
9318;0
9319;-272
9320;0
9321;0
9322;4
9323;-83
9324;6
9325;-125
9326;22
9327;20
9328;0
9329;-130
9330;-94
9331;-2
9332;-1
9333;19
9334;-11
9335;-106
9336;28
9337;-36
9338;27
9339;13
9340;-1
9341;-162
9342;-1
9343;18
9344;-114
9345;18
9346;1
9347;-99
9348;0
9349;0
9350;0
9351;-75
9352;0
9353;-6
9354;-17
9355;-131
9356;-196
9357;37
9358;24
9359;-4
9360;-15
9361;-76
9362;0
9363;-112
9364;11
9365;0
9366;-18
9367;1
9368;5
9369;-1
9370;4
9371;12
9372;-2
9373;1
9374;-13
9375;8
9376;0
9377;-5
9378;0
9379;-5
9380;-5
9381;12
9382;-6
9383;-14
9384;-97
9385;9
9386;-89
9387;-22
9388;-16
9389;0
9390;0
9391;-4
9392;20
9393;-89
9394;12
9395;5
9396;-16
9397;5
9398;12
9399;4
9400;-3
9401;0
9402;8
9403;-126
9404;-15
9405;-3
9406;-9
9407;20
9408;1
9409;23
9410;8
9411;11
9412;-109
9413;1
9414;0
9415;13
9416;4
9417;8
9418;51
9419;-95
9420;-7
9421;29
9422;-101
9423;1
9424;4
9425;9
9426;-126
9427;27
9428;14
9429;3
9430;1
9431;-11
9432;-1
9433;-97
9434;-79
9435;-82
9436;8
9437;2
9438;15
9439;-114
9440;-22
9441;-16
9442;-11
9443;13
9444;-1
9445;26
9446;18
9447;2
9448;36
9449;-9
9450;-13
9451;1
9452;-59
9453;-1
9454;-119
9455;0
9456;-4
9457;52
9458;31
9459;2
9460;-2
9461;0
9462;0
9463;-6
9464;-6
9465;-193
9466;10
9467;8
9468;0
9469;-71
9470;-4
9471;6
9472;-5
9473;5
9474;10
9475;4
9476;-6
9477;-13
9478;-7
9479;-3
9480;0
9481;4
9482;-1
9483;5
9484;-8
9485;8
9486;4
9487;-107
9488;30
9489;-95
9490;2
9491;-6
9492;69
9493;-2
9494;-82
9495;-84
9496;2
9497;12
9498;5
9499;38
9500;0
9501;-3
9502;0
9503;-176
9504;11
9505;-19
9506;4
9507;-2
9508;15
9509;-6
9510;0
9511;-3
9512;-68
9513;-92
9514;-3
9515;0
9516;-4
9517;-109
9518;27
9519;-2
9520;-106
9521;-65
9522;24
9523;1
9524;0
9525;39
9526;-9
9527;12
9528;-3
9529;0
9530;-106
9531;0
9532;30
9533;0
9534;0
9535;6
9536;15
9537;-5
9538;13
9539;3
9540;-1
9541;-100
9542;-11
9543;26
9544;0
9545;15
9546;-13
9547;-89
9548;-3
9549;-2
9550;-8
9551;1
9552;85
9553;-86
9554;-7
9555;19
9556;-78
9557;25
9558;10
9559;0
9560;-178
9561;5
9562;-2
9563;-6
9564;-8
9565;3
9566;-16
9567;0
9568;0
9569;-8
9570;-6
9571;33
9572;70
9573;-114
9574;-1
9575;-6
9576;31
9577;11
9578;-5
9579;13
9580;11
9581;-1
9582;-1
9583;5
9584;0
9585;-204
9586;-82
9587;14
9588;-3
9589;-3
9590;-18
9591;12
9592;-90
9593;7
9594;-5
9595;1
9596;-2
9597;43
9598;26
9599;-10
9600;2
9601;-11
9602;-61
9603;3
9604;4
9605;-86
9606;35
9607;15
9608;7
9609;29
9610;-61
9611;0
9612;-74
9613;-3
9614;-99
9615;30
9616;0
9617;18
9618;3
9619;-14
9620;-6
9621;-8
9622;1
9623;42
9624;16
9625;2
9626;-1
9627;-103
9628;14
9629;0
9630;48
9631;-13
9632;-103
9633;-51
9634;24
9635;8
9636;-124
9637;10
9638;36
9639;-105
9640;-75
9641;1
9642;0
9643;-3
9644;-9
9645;22
9646;-7
9647;38
9648;-5
9649;10
9650;0
9651;-8
9652;-76
9653;-30
9654;51
9655;12
9656;27
9657;-72
9658;-4
9659;11
9660;-3
9661;4
9662;-69
9663;-14
9664;-8
9665;-82
9666;17
9667;0
9668;13
9669;-89
9670;15
9671;-12
9672;-13
9673;6
9674;6
9675;2
9676;-4
9677;-8
9678;2
9679;6
9680;58
9681;-87
9682;-2
9683;-269
9684;41
9685;-6
9686;24
9687;-181
9688;-89
9689;0
9690;-127
9691;-3
9692;-5
9693;-96
9694;5
9695;19
9696;-3
9697;-144
9698;-2
9699;0
9700;-4
9701;-189
9702;-2
9703;-1
9704;-8
9705;1
9706;6
9707;14
9708;-11
9709;-1
9710;16
9711;2
9712;-10
9713;-7
9714;0
9715;1
9716;-1
9717;0
9718;11
9719;4
9720;0
9721;-17
9722;0
9723;1
9724;0
9725;19
9726;-14
9727;-8
9728;-2
9729;-9
9730;-17
9731;0
9732;29
9733;-15
9734;26
9735;16
9736;23
9737;0
9738;-111
9739;-7
9740;36
9741;-128
9742;-6
9743;-93
9744;0
9745;-107
9746;-103
9747;-98
9748;12
9749;9
9750;-134
9751;16
9752;0
9753;-101
9754;35
9755;1
9756;-105
9757;1
9758;4
9759;44
9760;-28
9761;4
9762;-96
9763;4
9764;-83
9765;5
9766;24
9767;16
9768;3
9769;-92
9770;42
9771;-3
9772;-162
9773;49
9774;1
9775;-173
9776;-3
9777;-12
9778;0
9779;1
9780;-12
9781;-91
9782;-16
9783;13
9784;-111
9785;-95
9786;7
9787;0
9788;0
9789;0
9790;1
9791;-17
9792;-90
9793;-1
9794;-1
9795;-88
9796;-1
9797;-3
9798;12
9799;25
9800;32
9801;12
9802;-105
9803;1
9804;-27
9805;17
9806;72
9807;28
9808;-4
9809;18
9810;-31
9811;-7
9812;4
9813;0
9814;-99
9815;-10
9816;-101
9817;0
9818;33
9819;31
9820;24
9821;19
9822;0
9823;-10
9824;8
9825;1
9826;27
9827;-61
9828;13
9829;7
9830;9
9831;-12
9832;-6
9833;42
9834;-2
9835;-9
9836;6
9837;-14
9838;4
9839;6
9840;13
9841;-4
9842;14
9843;14
9844;0
9845;-4
9846;-7
9847;-17
9848;18
9849;-114
9850;-57
9851;-108
9852;0
9853;5
9854;1
9855;-3
9856;15
9857;-3
9858;0
9859;-9
9860;4
9861;32
9862;22
9863;7
9864;-9
9865;12
9866;20
9867;-109
9868;4
9869;-2
9870;-2
9871;-10
9872;-30
9873;-13
9874;-74
9875;8
9876;-1
9877;9
9878;57
9879;27
9880;7
9881;2
9882;16
9883;1
9884;1
9885;10
9886;44
9887;-6
9888;-3
9889;10
9890;11
9891;13
9892;-5
9893;32
9894;0
9895;2
9896;0
9897;-1
9898;-17
9899;31
9900;-5
9901;0
9902;-1
9903;27
9904;-3
9905;-2
9906;-21
9907;-7
9908;7
9909;19
9910;18
9911;0
9912;11
9913;0
9914;-5
9915;-86
9916;6
9917;-113
9918;19
9919;0
9920;29
9921;0
9922;-3
9923;0
9924;-2
9925;-2
9926;2
9927;0
9928;-3
9929;30
9930;0
9931;-4
9932;-6
9933;3
9934;50
9935;-107
9936;-4
9937;-1
9938;0
9939;-3
9940;4
9941;19
9942;24
9943;-6
9944;6
9945;11
9946;0
9947;-70
9948;-1
9949;-10
9950;-4
9951;0
9952;-4
9953;-81
9954;-10
9955;0
9956;-20
9957;4
9958;-3
9959;2
9960;-13
9961;-7
9962;14
9963;13
9964;21
9965;0
9966;-79
9967;3
9968;4
9969;-14
9970;34
9971;-3
9972;-1
9973;14
9974;-12
9975;0
9976;0
9977;7
9978;-10
9979;27
9980;11
9981;1
9982;-3
9983;0
9984;9
9985;-25
9986;0
9987;-1
9988;4
9989;1
9990;5
9991;0
9992;0
9993;-214
9994;16
9995;-3
9996;3
9997;26
9998;-136
9999;0
